{"propertiesBar":{"properties":[{"name":"Layout","expanded":true,"children":[{"name":"Tamanho","expanded":false,"children":[]},{"name":"Ponto de fuga","expanded":false,"children":[]}]},{"name":"Efeitos","expanded":true,"children":[]},{"name":"Editor","expanded":true,"children":[{"name":"Margens","expanded":false,"children":[]},{"name":"Tamanho do grid","expanded":false,"children":[]},{"name":"Deslocamento do grid","expanded":false,"children":[]}]}],"scrollPosition":0},"layersBar":{"name":"<root>","children":[{"name":"Camada 0","expanded":true,"children":[]},{"name":"BACKGROUND","expanded":true,"children":[]}]},"grid":{"show":false,"snap":true,"width":32,"height":32,"offsetX":0,"offsetY":0},"marginWidth":1000,"marginHeight":1000,"showCollisionPolygons":false,"showMeshes":false,"showTranslucentInactiveLayers":false,"showSceneGraphConnections":false,"tabColor":[0.9999999999999999,0.95,0.8000000000000002,1],"tabTextColor":null,"layers":[{"name":"BACKGROUND","propertiesBar":{"properties":[{"name":"Propriedades da camada","expanded":true,"children":[]},{"name":"Centralização e zoom","expanded":true,"children":[{"name":"Parallax","expanded":false,"children":[]}]},{"name":"Aparência","expanded":true,"children":[]},{"name":"Efeitos","expanded":true,"children":[]},{"name":"Editor","expanded":true,"children":[]}],"scrollPosition":0},"visibleInEditor":true,"locked":true,"parallaxInEditor":false,"opacity":1,"translucent":false},{"name":"Camada 0","propertiesBar":{"properties":[{"name":"Propriedades da camada","expanded":true,"children":[]},{"name":"Centralização e zoom","expanded":true,"children":[{"name":"Parallax","expanded":false,"children":[]}]},{"name":"Aparência","expanded":true,"children":[]},{"name":"Efeitos","expanded":true,"children":[]},{"name":"Editor","expanded":true,"children":[]}],"scrollPosition":0},"visibleInEditor":true,"locked":false,"parallaxInEditor":false,"opacity":1,"translucent":false}],"view":{"x":568.8857600000104,"y":446.95808000000966,"z":248.83200000000164,"activeLayer":"Camada 0"},"selectedInstances":[],"lockedInstances":[17,30],"instanceCollections":[{"uids":[5],"properties":{"properties":[{"name":"Propriedades do tipo de objeto","expanded":true,"children":[]},{"name":"Comum","expanded":true,"children":[{"name":"Posição","expanded":false,"children":[]},{"name":"Tamanho","expanded":false,"children":[]}]},{"name":"Variáveis de instância","expanded":true,"children":[]},{"name":"Comportamentos","expanded":true,"children":[]},{"name":"Efeitos","expanded":true,"children":[]},{"name":"Container","expanded":true,"children":[]},{"name":"Template","expanded":true,"children":[]},{"name":"Propriedades","expanded":true,"children":[]}],"scrollPosition":0}},{"uids":[6],"properties":{"properties":[{"name":"Propriedades do tipo de objeto","expanded":true,"children":[]},{"name":"Comum","expanded":true,"children":[{"name":"Posição","expanded":false,"children":[]},{"name":"Tamanho","expanded":false,"children":[]}]},{"name":"Variáveis de instância","expanded":true,"children":[]},{"name":"Comportamentos","expanded":true,"children":[]},{"name":"Efeitos","expanded":true,"children":[]},{"name":"Container","expanded":true,"children":[]},{"name":"Template","expanded":true,"children":[]},{"name":"Propriedades","expanded":true,"children":[]}],"scrollPosition":0}},{"uids":[4],"properties":{"properties":[{"name":"Propriedades do tipo de objeto","expanded":true,"children":[]},{"name":"Comum","expanded":true,"children":[{"name":"Posição","expanded":false,"children":[]},{"name":"Tamanho","expanded":false,"children":[]}]},{"name":"Variáveis de instância","expanded":true,"children":[]},{"name":"Comportamentos","expanded":true,"children":[]},{"name":"Efeitos","expanded":true,"children":[]},{"name":"Container","expanded":true,"children":[]},{"name":"Template","expanded":true,"children":[]},{"name":"Propriedades","expanded":true,"children":[]}],"scrollPosition":0}},{"uids":[4],"properties":{"properties":[{"name":"Propriedades do tipo de objeto","expanded":true,"children":[]},{"name":"Comum","expanded":true,"children":[{"name":"Posição","expanded":false,"children":[]},{"name":"Tamanho","expanded":false,"children":[]}]},{"name":"Variáveis de instância","expanded":true,"children":[]},{"name":"Comportamentos","expanded":true,"children":[]},{"name":"Efeitos","expanded":true,"children":[]},{"name":"Container","expanded":true,"children":[]},{"name":"Template","expanded":true,"children":[]},{"name":"Propriedades","expanded":true,"children":[]}],"scrollPosition":0}},{"uids":[6],"properties":{"properties":[{"name":"Propriedades do tipo de objeto","expanded":true,"children":[]},{"name":"Comum","expanded":true,"children":[{"name":"Posição","expanded":false,"children":[]},{"name":"Tamanho","expanded":false,"children":[]}]},{"name":"Variáveis de instância","expanded":true,"children":[]},{"name":"Comportamentos","expanded":true,"children":[]},{"name":"Efeitos","expanded":true,"children":[]},{"name":"Container","expanded":true,"children":[]},{"name":"Template","expanded":true,"children":[]},{"name":"Propriedades","expanded":true,"children":[]}],"scrollPosition":0}},{"uids":[5],"properties":{"properties":[{"name":"Propriedades do tipo de objeto","expanded":true,"children":[]},{"name":"Comum","expanded":true,"children":[{"name":"Posição","expanded":false,"children":[]},{"name":"Tamanho","expanded":false,"children":[]}]},{"name":"Variáveis de instância","expanded":true,"children":[]},{"name":"Comportamentos","expanded":true,"children":[]},{"name":"Efeitos","expanded":true,"children":[]},{"name":"Container","expanded":true,"children":[]},{"name":"Template","expanded":true,"children":[]},{"name":"Propriedades","expanded":true,"children":[]}],"scrollPosition":0}},{"uids":[7],"properties":{"properties":[{"name":"Propriedades do tipo de objeto","expanded":true,"children":[]},{"name":"Comum","expanded":true,"children":[{"name":"Posição","expanded":false,"children":[]},{"name":"Tamanho","expanded":false,"children":[]}]},{"name":"Variáveis de instância","expanded":true,"children":[]},{"name":"Comportamentos","expanded":true,"children":[{"name":"Sólido","expanded":true,"children":[]}]},{"name":"Efeitos","expanded":true,"children":[]},{"name":"Container","expanded":true,"children":[]},{"name":"Template","expanded":true,"children":[]},{"name":"Propriedades","expanded":true,"children":[]}],"scrollPosition":0}},{"uids":[7],"properties":{"properties":[{"name":"Propriedades do tipo de objeto","expanded":true,"children":[]},{"name":"Comum","expanded":true,"children":[{"name":"Posição","expanded":false,"children":[]},{"name":"Tamanho","expanded":false,"children":[]}]},{"name":"Variáveis de instância","expanded":true,"children":[]},{"name":"Comportamentos","expanded":true,"children":[{"name":"Sólido","expanded":true,"children":[]}]},{"name":"Efeitos","expanded":true,"children":[]},{"name":"Container","expanded":true,"children":[]},{"name":"Template","expanded":true,"children":[]},{"name":"Propriedades","expanded":true,"children":[]}],"scrollPosition":0}},{"uids":[8],"properties":{"properties":[{"name":"Propriedades do tipo de objeto","expanded":true,"children":[]},{"name":"Comum","expanded":true,"children":[{"name":"Posição","expanded":false,"children":[]},{"name":"Tamanho","expanded":false,"children":[]}]},{"name":"Variáveis de instância","expanded":true,"children":[]},{"name":"Comportamentos","expanded":true,"children":[]},{"name":"Efeitos","expanded":true,"children":[]},{"name":"Container","expanded":true,"children":[]},{"name":"Template","expanded":true,"children":[]},{"name":"Propriedades","expanded":true,"children":[]}],"scrollPosition":0}},{"uids":[7],"properties":{"properties":[{"name":"Propriedades do tipo de objeto","expanded":true,"children":[]},{"name":"Comum","expanded":true,"children":[{"name":"Posição","expanded":false,"children":[]},{"name":"Tamanho","expanded":false,"children":[]}]},{"name":"Variáveis de instância","expanded":true,"children":[]},{"name":"Comportamentos","expanded":true,"children":[]},{"name":"Efeitos","expanded":true,"children":[]},{"name":"Container","expanded":true,"children":[]},{"name":"Template","expanded":true,"children":[]},{"name":"Propriedades","expanded":true,"children":[]}],"scrollPosition":0}},{"uids":[7],"properties":{"properties":[{"name":"Propriedades do tipo de objeto","expanded":true,"children":[]},{"name":"Comum","expanded":true,"children":[{"name":"Posição","expanded":false,"children":[]},{"name":"Tamanho","expanded":false,"children":[]}]},{"name":"Variáveis de instância","expanded":true,"children":[]},{"name":"Comportamentos","expanded":true,"children":[]},{"name":"Efeitos","expanded":true,"children":[]},{"name":"Container","expanded":true,"children":[]},{"name":"Template","expanded":true,"children":[]},{"name":"Propriedades","expanded":true,"children":[]}],"scrollPosition":0}},{"uids":[9],"properties":{"properties":[{"name":"Propriedades do tipo de objeto","expanded":true,"children":[]},{"name":"Comum","expanded":true,"children":[{"name":"Posição","expanded":false,"children":[]},{"name":"Tamanho","expanded":false,"children":[]}]},{"name":"Variáveis de instância","expanded":true,"children":[]},{"name":"Comportamentos","expanded":true,"children":[]},{"name":"Efeitos","expanded":true,"children":[]},{"name":"Container","expanded":true,"children":[]},{"name":"Template","expanded":true,"children":[]},{"name":"Propriedades","expanded":true,"children":[]}],"scrollPosition":0}},{"uids":[8,9,10],"properties":{"properties":[{"name":"Propriedades do tipo de objeto","expanded":true,"children":[]},{"name":"Comum","expanded":true,"children":[{"name":"Posição","expanded":false,"children":[]},{"name":"Tamanho","expanded":false,"children":[]}]},{"name":"Variáveis de instância","expanded":true,"children":[]},{"name":"Comportamentos","expanded":true,"children":[]},{"name":"Efeitos","expanded":true,"children":[]},{"name":"Container","expanded":true,"children":[]},{"name":"Template","expanded":true,"children":[]},{"name":"Propriedades","expanded":true,"children":[]}],"scrollPosition":0}},{"uids":[8,9,10,11,12],"properties":{"properties":[{"name":"Propriedades do tipo de objeto","expanded":true,"children":[]},{"name":"Comum","expanded":true,"children":[{"name":"Posição","expanded":false,"children":[]},{"name":"Tamanho","expanded":false,"children":[]}]},{"name":"Variáveis de instância","expanded":true,"children":[]},{"name":"Comportamentos","expanded":true,"children":[]},{"name":"Efeitos","expanded":true,"children":[]},{"name":"Container","expanded":true,"children":[]},{"name":"Template","expanded":true,"children":[]},{"name":"Propriedades","expanded":true,"children":[]}],"scrollPosition":0}},{"uids":[14,15,16,17,18],"properties":{"properties":[{"name":"Propriedades do tipo de objeto","expanded":true,"children":[]},{"name":"Comum","expanded":true,"children":[{"name":"Posição","expanded":false,"children":[]},{"name":"Tamanho","expanded":false,"children":[]}]},{"name":"Variáveis de instância","expanded":true,"children":[]},{"name":"Comportamentos","expanded":true,"children":[]},{"name":"Efeitos","expanded":true,"children":[]},{"name":"Container","expanded":true,"children":[]},{"name":"Template","expanded":true,"children":[]},{"name":"Propriedades","expanded":true,"children":[]}],"scrollPosition":0}},{"uids":[3,4],"properties":{"properties":[{"name":"Propriedades do tipo de objeto","expanded":true,"children":[]},{"name":"Comum","expanded":true,"children":[{"name":"Posição","expanded":false,"children":[]},{"name":"Tamanho","expanded":false,"children":[]}]},{"name":"Variáveis de instância","expanded":true,"children":[]},{"name":"Comportamentos","expanded":true,"children":[]},{"name":"Efeitos","expanded":true,"children":[]},{"name":"Container","expanded":true,"children":[]},{"name":"Template","expanded":true,"children":[]},{"name":"Propriedades","expanded":true,"children":[]}],"scrollPosition":0}},{"uids":[4,5],"properties":{"properties":[{"name":"Propriedades do tipo de objeto","expanded":true,"children":[]},{"name":"Comum","expanded":true,"children":[{"name":"Posição","expanded":false,"children":[]},{"name":"Tamanho","expanded":false,"children":[]}]},{"name":"Variáveis de instância","expanded":true,"children":[]},{"name":"Comportamentos","expanded":true,"children":[]},{"name":"Efeitos","expanded":true,"children":[]},{"name":"Container","expanded":true,"children":[]},{"name":"Template","expanded":true,"children":[]},{"name":"Propriedades","expanded":true,"children":[]}],"scrollPosition":0}},{"uids":[25],"properties":{"properties":[{"name":"Propriedades do tipo de objeto","expanded":true,"children":[]},{"name":"Comum","expanded":true,"children":[{"name":"Posição","expanded":false,"children":[]},{"name":"Tamanho","expanded":false,"children":[]}]},{"name":"Variáveis de instância","expanded":true,"children":[]},{"name":"Comportamentos","expanded":true,"children":[]},{"name":"Efeitos","expanded":true,"children":[]},{"name":"Container","expanded":true,"children":[]},{"name":"Template","expanded":true,"children":[]},{"name":"Propriedades","expanded":true,"children":[]}],"scrollPosition":0}},{"uids":[3],"properties":{"properties":[{"name":"Propriedades do tipo de objeto","expanded":true,"children":[]},{"name":"Comum","expanded":true,"children":[{"name":"Posição","expanded":false,"children":[]},{"name":"Tamanho","expanded":false,"children":[]}]},{"name":"Variáveis de instância","expanded":true,"children":[]},{"name":"Comportamentos","expanded":true,"children":[]},{"name":"Efeitos","expanded":true,"children":[]},{"name":"Container","expanded":true,"children":[]},{"name":"Template","expanded":true,"children":[]},{"name":"Propriedades","expanded":true,"children":[]}],"scrollPosition":0}},{"uids":[3],"properties":{"properties":[{"name":"Propriedades do tipo de objeto","expanded":true,"children":[]},{"name":"Comum","expanded":true,"children":[{"name":"Posição","expanded":false,"children":[]},{"name":"Tamanho","expanded":false,"children":[]}]},{"name":"Variáveis de instância","expanded":true,"children":[]},{"name":"Comportamentos","expanded":true,"children":[]},{"name":"Efeitos","expanded":true,"children":[]},{"name":"Container","expanded":true,"children":[]},{"name":"Template","expanded":true,"children":[]},{"name":"Propriedades","expanded":true,"children":[]}],"scrollPosition":0}},{"uids":[3],"properties":{"properties":[{"name":"Propriedades do tipo de objeto","expanded":true,"children":[]},{"name":"Comum","expanded":true,"children":[{"name":"Posição","expanded":false,"children":[]},{"name":"Tamanho","expanded":false,"children":[]}]},{"name":"Variáveis de instância","expanded":true,"children":[]},{"name":"Comportamentos","expanded":true,"children":[]},{"name":"Efeitos","expanded":true,"children":[]},{"name":"Container","expanded":true,"children":[]},{"name":"Template","expanded":true,"children":[]},{"name":"Propriedades","expanded":true,"children":[]}],"scrollPosition":0}},{"uids":[26],"properties":{"properties":[{"name":"Propriedades do tipo de objeto","expanded":true,"children":[]},{"name":"Comum","expanded":true,"children":[{"name":"Posição","expanded":false,"children":[]},{"name":"Tamanho","expanded":false,"children":[]}]},{"name":"Variáveis de instância","expanded":true,"children":[]},{"name":"Comportamentos","expanded":true,"children":[]},{"name":"Efeitos","expanded":true,"children":[]},{"name":"Container","expanded":true,"children":[]},{"name":"Template","expanded":true,"children":[]},{"name":"Propriedades","expanded":true,"children":[]}],"scrollPosition":0}},{"uids":[7,23],"properties":{"properties":[{"name":"Propriedades do tipo de objeto","expanded":true,"children":[]},{"name":"Comum","expanded":true,"children":[{"name":"Posição","expanded":false,"children":[]},{"name":"Tamanho","expanded":false,"children":[]}]},{"name":"Efeitos","expanded":true,"children":[]},{"name":"Propriedades","expanded":true,"children":[]}],"scrollPosition":0}},{"uids":[3,4,5],"properties":{"properties":[{"name":"Propriedades do tipo de objeto","expanded":true,"children":[]},{"name":"Comum","expanded":true,"children":[{"name":"Posição","expanded":false,"children":[]},{"name":"Tamanho","expanded":false,"children":[]}]},{"name":"Variáveis de instância","expanded":true,"children":[]},{"name":"Comportamentos","expanded":true,"children":[]},{"name":"Efeitos","expanded":true,"children":[]},{"name":"Container","expanded":true,"children":[]},{"name":"Template","expanded":true,"children":[]},{"name":"Propriedades","expanded":true,"children":[]}],"scrollPosition":0}},{"uids":[4,5,6],"properties":{"properties":[{"name":"Propriedades do tipo de objeto","expanded":true,"children":[]},{"name":"Comum","expanded":true,"children":[{"name":"Posição","expanded":false,"children":[]},{"name":"Tamanho","expanded":false,"children":[]}]},{"name":"Variáveis de instância","expanded":true,"children":[]},{"name":"Comportamentos","expanded":true,"children":[]},{"name":"Efeitos","expanded":true,"children":[]},{"name":"Container","expanded":true,"children":[]},{"name":"Template","expanded":true,"children":[]},{"name":"Propriedades","expanded":true,"children":[]}],"scrollPosition":0}},{"uids":[7,23,24],"properties":{"properties":[{"name":"Propriedades do tipo de objeto","expanded":true,"children":[]},{"name":"Comum","expanded":true,"children":[{"name":"Posição","expanded":false,"children":[]},{"name":"Tamanho","expanded":false,"children":[]}]},{"name":"Efeitos","expanded":true,"children":[]},{"name":"Propriedades","expanded":true,"children":[]}],"scrollPosition":0}},{"uids":[3,4,5,6],"properties":{"properties":[{"name":"Propriedades do tipo de objeto","expanded":true,"children":[]},{"name":"Comum","expanded":true,"children":[{"name":"Posição","expanded":false,"children":[]},{"name":"Tamanho","expanded":false,"children":[]}]},{"name":"Variáveis de instância","expanded":true,"children":[]},{"name":"Comportamentos","expanded":true,"children":[]},{"name":"Efeitos","expanded":true,"children":[]},{"name":"Container","expanded":true,"children":[]},{"name":"Template","expanded":true,"children":[]},{"name":"Propriedades","expanded":true,"children":[]}],"scrollPosition":0}},{"uids":[3,4,5,6],"properties":{"properties":[{"name":"Propriedades do tipo de objeto","expanded":true,"children":[]},{"name":"Comum","expanded":true,"children":[{"name":"Posição","expanded":false,"children":[]},{"name":"Tamanho","expanded":false,"children":[]}]},{"name":"Variáveis de instância","expanded":true,"children":[]},{"name":"Comportamentos","expanded":true,"children":[]},{"name":"Efeitos","expanded":true,"children":[]},{"name":"Container","expanded":true,"children":[]},{"name":"Template","expanded":true,"children":[]},{"name":"Propriedades","expanded":true,"children":[]}],"scrollPosition":0}},{"uids":[7,18,23,24],"properties":{"properties":[{"name":"Propriedades do tipo de objeto","expanded":true,"children":[]},{"name":"Comum","expanded":true,"children":[{"name":"Posição","expanded":false,"children":[]},{"name":"Tamanho","expanded":false,"children":[]}]},{"name":"Efeitos","expanded":true,"children":[]},{"name":"Propriedades","expanded":true,"children":[]}],"scrollPosition":0}},{"uids":[7,18,22,23,24],"properties":{"properties":[{"name":"Propriedades do tipo de objeto","expanded":true,"children":[]},{"name":"Comum","expanded":true,"children":[{"name":"Posição","expanded":false,"children":[]},{"name":"Tamanho","expanded":false,"children":[]}]},{"name":"Efeitos","expanded":true,"children":[]},{"name":"Propriedades","expanded":true,"children":[]}],"scrollPosition":0}},{"uids":[8,9,10,11,12,14,25],"properties":{"properties":[{"name":"Propriedades do tipo de objeto","expanded":true,"children":[]},{"name":"Comum","expanded":true,"children":[{"name":"Posição","expanded":false,"children":[]},{"name":"Tamanho","expanded":false,"children":[]}]},{"name":"Variáveis de instância","expanded":true,"children":[]},{"name":"Comportamentos","expanded":true,"children":[{"name":"Sólido","expanded":true,"children":[]}]},{"name":"Efeitos","expanded":true,"children":[]},{"name":"Container","expanded":true,"children":[]},{"name":"Template","expanded":true,"children":[]},{"name":"Propriedades","expanded":true,"children":[]}],"scrollPosition":0}},{"uids":[9],"properties":{"properties":[{"name":"Propriedades do tipo de objeto","expanded":true,"children":[]},{"name":"Comum","expanded":true,"children":[{"name":"Posição","expanded":false,"children":[]},{"name":"Tamanho","expanded":false,"children":[]}]},{"name":"Variáveis de instância","expanded":true,"children":[]},{"name":"Comportamentos","expanded":true,"children":[{"name":"Sólido","expanded":true,"children":[]}]},{"name":"Efeitos","expanded":true,"children":[]},{"name":"Container","expanded":true,"children":[]},{"name":"Template","expanded":true,"children":[]},{"name":"Propriedades","expanded":true,"children":[]}],"scrollPosition":0}},{"uids":[11],"properties":{"properties":[{"name":"Propriedades do tipo de objeto","expanded":true,"children":[]},{"name":"Comum","expanded":true,"children":[{"name":"Posição","expanded":false,"children":[]},{"name":"Tamanho","expanded":false,"children":[]}]},{"name":"Variáveis de instância","expanded":true,"children":[]},{"name":"Comportamentos","expanded":true,"children":[{"name":"Sólido","expanded":true,"children":[]}]},{"name":"Efeitos","expanded":true,"children":[]},{"name":"Container","expanded":true,"children":[]},{"name":"Template","expanded":true,"children":[]},{"name":"Propriedades","expanded":true,"children":[]}],"scrollPosition":0}},{"uids":[14],"properties":{"properties":[{"name":"Propriedades do tipo de objeto","expanded":true,"children":[]},{"name":"Comum","expanded":true,"children":[{"name":"Posição","expanded":false,"children":[]},{"name":"Tamanho","expanded":false,"children":[]}]},{"name":"Variáveis de instância","expanded":true,"children":[]},{"name":"Comportamentos","expanded":true,"children":[{"name":"Sólido","expanded":true,"children":[]}]},{"name":"Efeitos","expanded":true,"children":[]},{"name":"Container","expanded":true,"children":[]},{"name":"Template","expanded":true,"children":[]},{"name":"Propriedades","expanded":true,"children":[]}],"scrollPosition":0}},{"uids":[10],"properties":{"properties":[{"name":"Propriedades do tipo de objeto","expanded":true,"children":[]},{"name":"Comum","expanded":true,"children":[{"name":"Posição","expanded":false,"children":[]},{"name":"Tamanho","expanded":false,"children":[]}]},{"name":"Variáveis de instância","expanded":true,"children":[]},{"name":"Comportamentos","expanded":true,"children":[{"name":"Sólido","expanded":true,"children":[]}]},{"name":"Efeitos","expanded":true,"children":[]},{"name":"Container","expanded":true,"children":[]},{"name":"Template","expanded":true,"children":[]},{"name":"Propriedades","expanded":true,"children":[]}],"scrollPosition":0}},{"uids":[28],"properties":{"properties":[{"name":"Propriedades do tipo de objeto","expanded":true,"children":[]},{"name":"Comum","expanded":true,"children":[{"name":"Posição","expanded":false,"children":[]},{"name":"Tamanho","expanded":false,"children":[]}]},{"name":"Variáveis de instância","expanded":true,"children":[]},{"name":"Comportamentos","expanded":true,"children":[]},{"name":"Efeitos","expanded":true,"children":[]},{"name":"Container","expanded":true,"children":[]},{"name":"Template","expanded":true,"children":[]},{"name":"Propriedades","expanded":true,"children":[]}],"scrollPosition":0}},{"uids":[27],"properties":{"properties":[{"name":"Propriedades do tipo de objeto","expanded":true,"children":[]},{"name":"Comum","expanded":true,"children":[{"name":"Posição","expanded":false,"children":[]},{"name":"Tamanho","expanded":false,"children":[]}]},{"name":"Variáveis de instância","expanded":true,"children":[]},{"name":"Comportamentos","expanded":true,"children":[]},{"name":"Efeitos","expanded":true,"children":[]},{"name":"Container","expanded":true,"children":[]},{"name":"Template","expanded":true,"children":[]},{"name":"Propriedades","expanded":true,"children":[]}],"scrollPosition":0}},{"uids":[8],"properties":{"properties":[{"name":"Propriedades do tipo de objeto","expanded":true,"children":[]},{"name":"Comum","expanded":true,"children":[{"name":"Posição","expanded":false,"children":[]},{"name":"Tamanho","expanded":false,"children":[]}]},{"name":"Variáveis de instância","expanded":true,"children":[]},{"name":"Comportamentos","expanded":true,"children":[{"name":"Sólido","expanded":true,"children":[]}]},{"name":"Efeitos","expanded":true,"children":[]},{"name":"Container","expanded":true,"children":[]},{"name":"Template","expanded":true,"children":[]},{"name":"Propriedades","expanded":true,"children":[]}],"scrollPosition":0}},{"uids":[20],"properties":{"properties":[{"name":"Propriedades do tipo de objeto","expanded":true,"children":[]},{"name":"Comum","expanded":true,"children":[{"name":"Posição","expanded":false,"children":[]},{"name":"Tamanho","expanded":false,"children":[]}]},{"name":"Variáveis de instância","expanded":true,"children":[]},{"name":"Comportamentos","expanded":true,"children":[]},{"name":"Efeitos","expanded":true,"children":[]},{"name":"Container","expanded":true,"children":[]},{"name":"Template","expanded":true,"children":[]},{"name":"Propriedades","expanded":true,"children":[]}],"scrollPosition":0}},{"uids":[17],"properties":{"properties":[{"name":"Propriedades do tipo de objeto","expanded":true,"children":[]},{"name":"Comum","expanded":true,"children":[{"name":"Posição","expanded":false,"children":[]},{"name":"Tamanho","expanded":false,"children":[]}]},{"name":"Variáveis de instância","expanded":true,"children":[]},{"name":"Comportamentos","expanded":true,"children":[]},{"name":"Efeitos","expanded":true,"children":[]},{"name":"Container","expanded":true,"children":[]},{"name":"Template","expanded":true,"children":[]},{"name":"Propriedades","expanded":true,"children":[]}],"scrollPosition":0}},{"uids":[21],"properties":{"properties":[{"name":"Propriedades do tipo de objeto","expanded":true,"children":[]},{"name":"Comum","expanded":true,"children":[{"name":"Posição","expanded":false,"children":[]},{"name":"Tamanho","expanded":false,"children":[]}]},{"name":"Variáveis de instância","expanded":true,"children":[]},{"name":"Comportamentos","expanded":true,"children":[{"name":"Sólido","expanded":true,"children":[]}]},{"name":"Efeitos","expanded":true,"children":[]},{"name":"Container","expanded":true,"children":[]},{"name":"Template","expanded":true,"children":[]},{"name":"Propriedades","expanded":true,"children":[]}],"scrollPosition":0}},{"uids":[18],"properties":{"properties":[{"name":"Propriedades do tipo de objeto","expanded":true,"children":[]},{"name":"Comum","expanded":true,"children":[{"name":"Posição","expanded":false,"children":[]},{"name":"Tamanho","expanded":false,"children":[]}]},{"name":"Variáveis de instância","expanded":true,"children":[]},{"name":"Comportamentos","expanded":true,"children":[{"name":"Sólido","expanded":true,"children":[]}]},{"name":"Efeitos","expanded":true,"children":[]},{"name":"Container","expanded":true,"children":[]},{"name":"Template","expanded":true,"children":[]},{"name":"Propriedades","expanded":true,"children":[]}],"scrollPosition":0}},{"uids":[12],"properties":{"properties":[{"name":"Propriedades do tipo de objeto","expanded":true,"children":[]},{"name":"Comum","expanded":true,"children":[{"name":"Posição","expanded":false,"children":[]},{"name":"Tamanho","expanded":false,"children":[]}]},{"name":"Variáveis de instância","expanded":true,"children":[]},{"name":"Comportamentos","expanded":true,"children":[{"name":"Sólido","expanded":true,"children":[]}]},{"name":"Efeitos","expanded":true,"children":[]},{"name":"Container","expanded":true,"children":[]},{"name":"Template","expanded":true,"children":[]},{"name":"Propriedades","expanded":true,"children":[]}],"scrollPosition":0}},{"uids":[26],"properties":{"properties":[{"name":"Propriedades do tipo de objeto","expanded":true,"children":[]},{"name":"Comum","expanded":true,"children":[{"name":"Posição","expanded":false,"children":[]},{"name":"Tamanho","expanded":false,"children":[]}]},{"name":"Variáveis de instância","expanded":true,"children":[]},{"name":"Comportamentos","expanded":true,"children":[{"name":"Sólido","expanded":true,"children":[]}]},{"name":"Efeitos","expanded":true,"children":[]},{"name":"Container","expanded":true,"children":[]},{"name":"Template","expanded":true,"children":[]},{"name":"Propriedades","expanded":true,"children":[]}],"scrollPosition":0}},{"uids":[19],"properties":{"properties":[{"name":"Propriedades do tipo de objeto","expanded":true,"children":[]},{"name":"Comum","expanded":true,"children":[{"name":"Posição","expanded":false,"children":[]},{"name":"Tamanho","expanded":false,"children":[]}]},{"name":"Variáveis de instância","expanded":true,"children":[]},{"name":"Comportamentos","expanded":true,"children":[{"name":"Sólido","expanded":true,"children":[]}]},{"name":"Efeitos","expanded":true,"children":[]},{"name":"Container","expanded":true,"children":[]},{"name":"Template","expanded":true,"children":[]},{"name":"Propriedades","expanded":true,"children":[]}],"scrollPosition":0}},{"uids":[7],"properties":{"properties":[{"name":"Propriedades do tipo de objeto","expanded":true,"children":[]},{"name":"Comum","expanded":true,"children":[{"name":"Posição","expanded":false,"children":[]},{"name":"Tamanho","expanded":false,"children":[]}]},{"name":"Variáveis de instância","expanded":true,"children":[]},{"name":"Comportamentos","expanded":true,"children":[{"name":"Sólido","expanded":true,"children":[]}]},{"name":"Efeitos","expanded":true,"children":[]},{"name":"Container","expanded":true,"children":[]},{"name":"Template","expanded":true,"children":[]},{"name":"Propriedades","expanded":true,"children":[]}],"scrollPosition":0}},{"uids":[16],"properties":{"properties":[{"name":"Propriedades do tipo de objeto","expanded":true,"children":[]},{"name":"Comum","expanded":true,"children":[{"name":"Posição","expanded":false,"children":[]},{"name":"Tamanho","expanded":false,"children":[]}]},{"name":"Variáveis de instância","expanded":true,"children":[]},{"name":"Comportamentos","expanded":true,"children":[{"name":"Sólido","expanded":true,"children":[]}]},{"name":"Efeitos","expanded":true,"children":[]},{"name":"Container","expanded":true,"children":[]},{"name":"Template","expanded":true,"children":[]},{"name":"Propriedades","expanded":true,"children":[]}],"scrollPosition":0}},{"uids":[22],"properties":{"properties":[{"name":"Propriedades do tipo de objeto","expanded":true,"children":[]},{"name":"Comum","expanded":true,"children":[{"name":"Posição","expanded":false,"children":[]},{"name":"Tamanho","expanded":false,"children":[]}]},{"name":"Variáveis de instância","expanded":true,"children":[]},{"name":"Comportamentos","expanded":true,"children":[{"name":"Sólido","expanded":true,"children":[]}]},{"name":"Efeitos","expanded":true,"children":[]},{"name":"Container","expanded":true,"children":[]},{"name":"Template","expanded":true,"children":[]},{"name":"Propriedades","expanded":true,"children":[]}],"scrollPosition":0}},{"uids":[29],"properties":{"properties":[{"name":"Propriedades do tipo de objeto","expanded":true,"children":[]},{"name":"Comum","expanded":true,"children":[{"name":"Posição","expanded":false,"children":[]},{"name":"Tamanho","expanded":false,"children":[]}]},{"name":"Variáveis de instância","expanded":true,"children":[]},{"name":"Comportamentos","expanded":true,"children":[{"name":"Sólido","expanded":true,"children":[]}]},{"name":"Efeitos","expanded":true,"children":[]},{"name":"Container","expanded":true,"children":[]},{"name":"Template","expanded":true,"children":[]},{"name":"Propriedades","expanded":true,"children":[]}],"scrollPosition":0}},{"uids":[31],"properties":{"properties":[{"name":"Propriedades do tipo de objeto","expanded":true,"children":[]},{"name":"Comum","expanded":true,"children":[{"name":"Posição","expanded":false,"children":[]},{"name":"Tamanho","expanded":false,"children":[]}]},{"name":"Variáveis de instância","expanded":true,"children":[]},{"name":"Comportamentos","expanded":true,"children":[]},{"name":"Efeitos","expanded":true,"children":[]},{"name":"Container","expanded":true,"children":[]},{"name":"Template","expanded":true,"children":[]},{"name":"Propriedades","expanded":true,"children":[]}],"scrollPosition":0}},{"uids":[30,31],"properties":{"properties":[{"name":"Propriedades do tipo de objeto","expanded":true,"children":[]},{"name":"Comum","expanded":true,"children":[{"name":"Posição","expanded":false,"children":[]},{"name":"Tamanho","expanded":false,"children":[]}]},{"name":"Variáveis de instância","expanded":true,"children":[]},{"name":"Comportamentos","expanded":true,"children":[]},{"name":"Efeitos","expanded":true,"children":[]},{"name":"Container","expanded":true,"children":[]},{"name":"Template","expanded":true,"children":[]},{"name":"Propriedades","expanded":true,"children":[]}],"scrollPosition":0}},{"uids":[31],"properties":{"properties":[{"name":"Propriedades do tipo de objeto","expanded":true,"children":[]},{"name":"Comum","expanded":true,"children":[{"name":"Posição","expanded":false,"children":[]},{"name":"Tamanho","expanded":false,"children":[]}]},{"name":"Variáveis de instância","expanded":true,"children":[]},{"name":"Comportamentos","expanded":true,"children":[]},{"name":"Efeitos","expanded":true,"children":[]},{"name":"Container","expanded":true,"children":[]},{"name":"Template","expanded":true,"children":[]},{"name":"Propriedades","expanded":true,"children":[]}],"scrollPosition":0}},{"uids":[23],"properties":{"properties":[{"name":"Propriedades do tipo de objeto","expanded":true,"children":[]},{"name":"Comum","expanded":true,"children":[{"name":"Posição","expanded":false,"children":[]},{"name":"Tamanho","expanded":false,"children":[]}]},{"name":"Variáveis de instância","expanded":true,"children":[]},{"name":"Comportamentos","expanded":true,"children":[{"name":"Sólido","expanded":true,"children":[]}]},{"name":"Efeitos","expanded":true,"children":[]},{"name":"Container","expanded":true,"children":[]},{"name":"Template","expanded":true,"children":[]},{"name":"Propriedades","expanded":true,"children":[]}],"scrollPosition":0}},{"uids":[25],"properties":{"properties":[{"name":"Propriedades do tipo de objeto","expanded":true,"children":[]},{"name":"Comum","expanded":true,"children":[{"name":"Posição","expanded":false,"children":[]},{"name":"Tamanho","expanded":false,"children":[]}]},{"name":"Variáveis de instância","expanded":true,"children":[]},{"name":"Comportamentos","expanded":true,"children":[{"name":"Sólido","expanded":true,"children":[]}]},{"name":"Efeitos","expanded":true,"children":[]},{"name":"Container","expanded":true,"children":[]},{"name":"Template","expanded":true,"children":[]},{"name":"Propriedades","expanded":true,"children":[]}],"scrollPosition":0}},{"uids":[15,16],"properties":{"properties":[{"name":"Propriedades do tipo de objeto","expanded":true,"children":[]},{"name":"Comum","expanded":true,"children":[{"name":"Posição","expanded":false,"children":[]},{"name":"Tamanho","expanded":false,"children":[]}]},{"name":"Variáveis de instância","expanded":true,"children":[]},{"name":"Comportamentos","expanded":true,"children":[]},{"name":"Efeitos","expanded":true,"children":[]},{"name":"Container","expanded":true,"children":[]},{"name":"Template","expanded":true,"children":[]},{"name":"Propriedades","expanded":true,"children":[]}],"scrollPosition":0}},{"uids":[30,32],"properties":{"properties":[{"name":"Propriedades do tipo de objeto","expanded":true,"children":[]},{"name":"Comum","expanded":true,"children":[{"name":"Posição","expanded":false,"children":[]},{"name":"Tamanho","expanded":false,"children":[]}]},{"name":"Variáveis de instância","expanded":true,"children":[]},{"name":"Comportamentos","expanded":true,"children":[]},{"name":"Efeitos","expanded":true,"children":[]},{"name":"Container","expanded":true,"children":[]},{"name":"Template","expanded":true,"children":[]},{"name":"Propriedades","expanded":true,"children":[]}],"scrollPosition":0}},{"uids":[33],"properties":{"properties":[{"name":"Propriedades do tipo de objeto","expanded":true,"children":[]},{"name":"Comum","expanded":true,"children":[{"name":"Posição","expanded":false,"children":[]},{"name":"Tamanho","expanded":false,"children":[]}]},{"name":"Variáveis de instância","expanded":true,"children":[]},{"name":"Comportamentos","expanded":true,"children":[]},{"name":"Efeitos","expanded":true,"children":[]},{"name":"Container","expanded":true,"children":[]},{"name":"Template","expanded":true,"children":[]},{"name":"Propriedades","expanded":true,"children":[]}],"scrollPosition":0}},{"uids":[33,34],"properties":{"properties":[{"name":"Propriedades do tipo de objeto","expanded":true,"children":[]},{"name":"Comum","expanded":true,"children":[{"name":"Posição","expanded":false,"children":[]},{"name":"Tamanho","expanded":false,"children":[]}]},{"name":"Variáveis de instância","expanded":true,"children":[]},{"name":"Comportamentos","expanded":true,"children":[]},{"name":"Efeitos","expanded":true,"children":[]},{"name":"Container","expanded":true,"children":[]},{"name":"Template","expanded":true,"children":[]},{"name":"Propriedades","expanded":true,"children":[]}],"scrollPosition":0}},{"uids":[30],"properties":{"properties":[{"name":"Propriedades do tipo de objeto","expanded":true,"children":[]},{"name":"Comum","expanded":true,"children":[{"name":"Posição","expanded":false,"children":[]},{"name":"Tamanho","expanded":false,"children":[]}]},{"name":"Variáveis de instância","expanded":true,"children":[]},{"name":"Comportamentos","expanded":true,"children":[]},{"name":"Efeitos","expanded":true,"children":[]},{"name":"Container","expanded":true,"children":[]},{"name":"Template","expanded":true,"children":[]},{"name":"Propriedades","expanded":true,"children":[]}],"scrollPosition":0}},{"uids":[35,36,37,38,39,40,41,42],"properties":{"properties":[{"name":"Propriedades do tipo de objeto","expanded":true,"children":[]},{"name":"Comum","expanded":true,"children":[{"name":"Posição","expanded":false,"children":[]},{"name":"Tamanho","expanded":false,"children":[]}]},{"name":"Variáveis de instância","expanded":true,"children":[]},{"name":"Comportamentos","expanded":true,"children":[{"name":"Sólido","expanded":true,"children":[]}]},{"name":"Efeitos","expanded":true,"children":[]},{"name":"Container","expanded":true,"children":[]},{"name":"Template","expanded":true,"children":[]},{"name":"Propriedades","expanded":true,"children":[]}],"scrollPosition":0}},{"uids":[8,9,10,11,12,14,25,26],"properties":{"properties":[{"name":"Propriedades do tipo de objeto","expanded":true,"children":[]},{"name":"Comum","expanded":true,"children":[{"name":"Posição","expanded":false,"children":[]},{"name":"Tamanho","expanded":false,"children":[]}]},{"name":"Variáveis de instância","expanded":true,"children":[]},{"name":"Comportamentos","expanded":true,"children":[{"name":"Sólido","expanded":true,"children":[]}]},{"name":"Efeitos","expanded":true,"children":[]},{"name":"Container","expanded":true,"children":[]},{"name":"Template","expanded":true,"children":[]},{"name":"Propriedades","expanded":true,"children":[]}],"scrollPosition":0}},{"uids":[27],"properties":{"properties":[{"name":"Propriedades do tipo de objeto","expanded":true,"children":[]},{"name":"Comum","expanded":true,"children":[{"name":"Posição","expanded":false,"children":[]},{"name":"Tamanho","expanded":false,"children":[]}]},{"name":"Variáveis de instância","expanded":true,"children":[]},{"name":"Comportamentos","expanded":true,"children":[{"name":"Sólido","expanded":true,"children":[]}]},{"name":"Efeitos","expanded":true,"children":[]},{"name":"Container","expanded":true,"children":[]},{"name":"Template","expanded":true,"children":[]},{"name":"Propriedades","expanded":true,"children":[]}],"scrollPosition":0}},{"uids":[24],"properties":{"properties":[{"name":"Propriedades do tipo de objeto","expanded":true,"children":[]},{"name":"Comum","expanded":true,"children":[{"name":"Posição","expanded":false,"children":[]},{"name":"Tamanho","expanded":false,"children":[]}]},{"name":"Variáveis de instância","expanded":true,"children":[]},{"name":"Comportamentos","expanded":true,"children":[{"name":"Sólido","expanded":true,"children":[]}]},{"name":"Efeitos","expanded":true,"children":[]},{"name":"Container","expanded":true,"children":[]},{"name":"Template","expanded":true,"children":[]},{"name":"Propriedades","expanded":true,"children":[]}],"scrollPosition":0}},{"uids":[28],"properties":{"properties":[{"name":"Propriedades do tipo de objeto","expanded":true,"children":[]},{"name":"Comum","expanded":true,"children":[{"name":"Posição","expanded":false,"children":[]},{"name":"Tamanho","expanded":false,"children":[]}]},{"name":"Variáveis de instância","expanded":true,"children":[]},{"name":"Comportamentos","expanded":true,"children":[{"name":"Sólido","expanded":true,"children":[]}]},{"name":"Efeitos","expanded":true,"children":[]},{"name":"Container","expanded":true,"children":[]},{"name":"Template","expanded":true,"children":[]},{"name":"Propriedades","expanded":true,"children":[]}],"scrollPosition":0}},{"uids":[15],"properties":{"properties":[{"name":"Propriedades do tipo de objeto","expanded":true,"children":[]},{"name":"Comum","expanded":true,"children":[{"name":"Posição","expanded":false,"children":[]},{"name":"Tamanho","expanded":false,"children":[]}]},{"name":"Variáveis de instância","expanded":true,"children":[]},{"name":"Comportamentos","expanded":true,"children":[{"name":"Sólido","expanded":true,"children":[]}]},{"name":"Efeitos","expanded":true,"children":[]},{"name":"Container","expanded":true,"children":[]},{"name":"Template","expanded":true,"children":[]},{"name":"Propriedades","expanded":true,"children":[]}],"scrollPosition":0}},{"uids":[32],"properties":{"properties":[{"name":"Propriedades do tipo de objeto","expanded":true,"children":[]},{"name":"Comum","expanded":true,"children":[{"name":"Posição","expanded":false,"children":[]},{"name":"Tamanho","expanded":false,"children":[]}]},{"name":"Variáveis de instância","expanded":true,"children":[]},{"name":"Comportamentos","expanded":true,"children":[]},{"name":"Efeitos","expanded":true,"children":[]},{"name":"Container","expanded":true,"children":[]},{"name":"Template","expanded":true,"children":[]},{"name":"Propriedades","expanded":true,"children":[]}],"scrollPosition":0}},{"uids":[2],"properties":{"properties":[{"name":"Propriedades do tipo de objeto","expanded":true,"children":[]},{"name":"Comum","expanded":true,"children":[{"name":"Posição","expanded":false,"children":[]},{"name":"Tamanho","expanded":false,"children":[]}]},{"name":"Variáveis de instância","expanded":true,"children":[]},{"name":"Comportamentos","expanded":true,"children":[{"name":"Plataforma","expanded":true,"children":[]},{"name":"CentrarEm","expanded":true,"children":[]},{"name":"RestritoAoLayout","expanded":true,"children":[]}]},{"name":"Efeitos","expanded":true,"children":[]},{"name":"Container","expanded":true,"children":[]},{"name":"Template","expanded":true,"children":[]},{"name":"Propriedades","expanded":true,"children":[]}],"scrollPosition":0}},{"uids":[36],"properties":{"properties":[{"name":"Propriedades do tipo de objeto","expanded":true,"children":[]},{"name":"Comum","expanded":true,"children":[{"name":"Posição","expanded":false,"children":[]},{"name":"Tamanho","expanded":false,"children":[]}]},{"name":"Variáveis de instância","expanded":true,"children":[]},{"name":"Comportamentos","expanded":true,"children":[]},{"name":"Efeitos","expanded":true,"children":[]},{"name":"Container","expanded":true,"children":[]},{"name":"Template","expanded":true,"children":[]},{"name":"Propriedades","expanded":true,"children":[]}],"scrollPosition":0}},{"uids":[36],"properties":{"properties":[{"name":"Propriedades do tipo de objeto","expanded":true,"children":[]},{"name":"Comum","expanded":true,"children":[{"name":"Posição","expanded":false,"children":[]},{"name":"Tamanho","expanded":false,"children":[]}]},{"name":"Variáveis de instância","expanded":true,"children":[]},{"name":"Comportamentos","expanded":true,"children":[]},{"name":"Efeitos","expanded":true,"children":[]},{"name":"Container","expanded":true,"children":[]},{"name":"Template","expanded":true,"children":[]},{"name":"Propriedades","expanded":true,"children":[]}],"scrollPosition":0}},{"uids":[35],"properties":{"properties":[{"name":"Propriedades do tipo de objeto","expanded":true,"children":[]},{"name":"Comum","expanded":true,"children":[{"name":"Posição","expanded":false,"children":[]},{"name":"Tamanho","expanded":false,"children":[]}]},{"name":"Variáveis de instância","expanded":true,"children":[]},{"name":"Comportamentos","expanded":true,"children":[{"name":"Plataforma","expanded":true,"children":[]}]},{"name":"Efeitos","expanded":true,"children":[]},{"name":"Container","expanded":true,"children":[]},{"name":"Template","expanded":true,"children":[]},{"name":"Propriedades","expanded":true,"children":[]}],"scrollPosition":0}},{"uids":[2,7,8,9,10,11,12,14,15,16,18,19,20,21,22,23,24,25,26,27,28,29,35],"properties":{"properties":[{"name":"Propriedades do tipo de objeto","expanded":true,"children":[]},{"name":"Comum","expanded":true,"children":[{"name":"Posição","expanded":false,"children":[]},{"name":"Tamanho","expanded":false,"children":[]}]},{"name":"Efeitos","expanded":true,"children":[]},{"name":"Propriedades","expanded":true,"children":[]}],"scrollPosition":0}},{"uids":[7,8,9,10,11,12,14,15,16,18,19,20,21,22,23,24,25,26,27,28,29,35],"properties":{"properties":[{"name":"Propriedades do tipo de objeto","expanded":true,"children":[]},{"name":"Comum","expanded":true,"children":[{"name":"Posição","expanded":false,"children":[]},{"name":"Tamanho","expanded":false,"children":[]}]},{"name":"Efeitos","expanded":true,"children":[]},{"name":"Propriedades","expanded":true,"children":[]}],"scrollPosition":0}},{"uids":[7,8,9,10,11,12,14,15,16,18,19,20,21,22,23,24,25,26,27,28,29],"properties":{"properties":[{"name":"Propriedades do tipo de objeto","expanded":true,"children":[]},{"name":"Comum","expanded":true,"children":[{"name":"Posição","expanded":false,"children":[]},{"name":"Tamanho","expanded":false,"children":[]}]},{"name":"Efeitos","expanded":true,"children":[]},{"name":"Propriedades","expanded":true,"children":[]}],"scrollPosition":0}},{"uids":[36,37,38,39,40,41,42,43,44,45,46,47,48,49,50,51,52,53,54,55,56],"properties":{"properties":[{"name":"Propriedades do tipo de objeto","expanded":true,"children":[]},{"name":"Comum","expanded":true,"children":[{"name":"Posição","expanded":false,"children":[]},{"name":"Tamanho","expanded":false,"children":[]}]},{"name":"Efeitos","expanded":true,"children":[]},{"name":"Propriedades","expanded":true,"children":[]}],"scrollPosition":0}},{"uids":[57,58,59,60,61,62,63,64,65,66,67,68,69,70,71,72,73,74,75,76,77],"properties":{"properties":[{"name":"Propriedades do tipo de objeto","expanded":true,"children":[]},{"name":"Comum","expanded":true,"children":[{"name":"Posição","expanded":false,"children":[]},{"name":"Tamanho","expanded":false,"children":[]}]},{"name":"Efeitos","expanded":true,"children":[]},{"name":"Propriedades","expanded":true,"children":[]}],"scrollPosition":0}},{"uids":[78,79,80,81,82,83,84,85,86,87,88,89,90,91,92,93,94,95,96,97,98],"properties":{"properties":[{"name":"Propriedades do tipo de objeto","expanded":true,"children":[]},{"name":"Comum","expanded":true,"children":[{"name":"Posição","expanded":false,"children":[]},{"name":"Tamanho","expanded":false,"children":[]}]},{"name":"Efeitos","expanded":true,"children":[]},{"name":"Propriedades","expanded":true,"children":[]}],"scrollPosition":0}},{"uids":[99,100,101,102,103,104,105,106,107,108,109,110,111,112,113,114,115,116,117,118,119],"properties":{"properties":[{"name":"Propriedades do tipo de objeto","expanded":true,"children":[]},{"name":"Comum","expanded":true,"children":[{"name":"Posição","expanded":false,"children":[]},{"name":"Tamanho","expanded":false,"children":[]}]},{"name":"Efeitos","expanded":true,"children":[]},{"name":"Propriedades","expanded":true,"children":[]}],"scrollPosition":0}},{"uids":[120,121,122,123,124,125,126,127,128,129,130,131,132,133,134,135,136,137,138,139,140],"properties":{"properties":[{"name":"Propriedades do tipo de objeto","expanded":true,"children":[]},{"name":"Comum","expanded":true,"children":[{"name":"Posição","expanded":false,"children":[]},{"name":"Tamanho","expanded":false,"children":[]}]},{"name":"Efeitos","expanded":true,"children":[]},{"name":"Propriedades","expanded":true,"children":[]}],"scrollPosition":0}},{"uids":[141,142,143,144,145,146,147,148,149,150,151,152,153,154,155,156,157,158,159,160,161],"properties":{"properties":[{"name":"Propriedades do tipo de objeto","expanded":true,"children":[]},{"name":"Comum","expanded":true,"children":[{"name":"Posição","expanded":false,"children":[]},{"name":"Tamanho","expanded":false,"children":[]}]},{"name":"Efeitos","expanded":true,"children":[]},{"name":"Propriedades","expanded":true,"children":[]}],"scrollPosition":0}},{"uids":[31],"properties":{"properties":[{"name":"Propriedades do tipo de objeto","expanded":true,"children":[]},{"name":"Comum","expanded":true,"children":[{"name":"Posição","expanded":false,"children":[]},{"name":"Tamanho","expanded":false,"children":[]}]},{"name":"Variáveis de instância","expanded":true,"children":[]},{"name":"Comportamentos","expanded":true,"children":[]},{"name":"Efeitos","expanded":true,"children":[]},{"name":"Container","expanded":true,"children":[]},{"name":"Template","expanded":true,"children":[]},{"name":"Propriedades","expanded":true,"children":[]}],"scrollPosition":0}},{"uids":[34],"properties":{"properties":[{"name":"Propriedades do tipo de objeto","expanded":true,"children":[]},{"name":"Comum","expanded":true,"children":[{"name":"Posição","expanded":false,"children":[]},{"name":"Tamanho","expanded":false,"children":[]}]},{"name":"Variáveis de instância","expanded":true,"children":[]},{"name":"Comportamentos","expanded":true,"children":[]},{"name":"Efeitos","expanded":true,"children":[]},{"name":"Container","expanded":true,"children":[]},{"name":"Template","expanded":true,"children":[]},{"name":"Propriedades","expanded":true,"children":[]}],"scrollPosition":0}},{"uids":[162],"properties":{"properties":[{"name":"Propriedades do tipo de objeto","expanded":true,"children":[]},{"name":"Comum","expanded":true,"children":[{"name":"Posição","expanded":false,"children":[]},{"name":"Tamanho","expanded":false,"children":[]}]},{"name":"Variáveis de instância","expanded":true,"children":[]},{"name":"Comportamentos","expanded":true,"children":[]},{"name":"Efeitos","expanded":true,"children":[]},{"name":"Container","expanded":true,"children":[]},{"name":"Template","expanded":true,"children":[]},{"name":"Propriedades","expanded":true,"children":[]}],"scrollPosition":0}},{"uids":[163],"properties":{"properties":[{"name":"Propriedades do tipo de objeto","expanded":true,"children":[]},{"name":"Comum","expanded":true,"children":[{"name":"Posição","expanded":false,"children":[]},{"name":"Tamanho","expanded":false,"children":[]}]},{"name":"Variáveis de instância","expanded":true,"children":[]},{"name":"Comportamentos","expanded":true,"children":[]},{"name":"Efeitos","expanded":true,"children":[]},{"name":"Container","expanded":true,"children":[]},{"name":"Template","expanded":true,"children":[]},{"name":"Propriedades","expanded":true,"children":[]}],"scrollPosition":0}},{"uids":[164],"properties":{"properties":[{"name":"Propriedades do tipo de objeto","expanded":true,"children":[]},{"name":"Comum","expanded":true,"children":[{"name":"Posição","expanded":false,"children":[]},{"name":"Tamanho","expanded":false,"children":[]}]},{"name":"Variáveis de instância","expanded":true,"children":[]},{"name":"Comportamentos","expanded":true,"children":[]},{"name":"Efeitos","expanded":true,"children":[]},{"name":"Container","expanded":true,"children":[]},{"name":"Template","expanded":true,"children":[]},{"name":"Propriedades","expanded":true,"children":[]}],"scrollPosition":0}},{"uids":[165],"properties":{"properties":[{"name":"Propriedades do tipo de objeto","expanded":true,"children":[]},{"name":"Comum","expanded":true,"children":[{"name":"Posição","expanded":false,"children":[]},{"name":"Tamanho","expanded":false,"children":[]}]},{"name":"Variáveis de instância","expanded":true,"children":[]},{"name":"Comportamentos","expanded":true,"children":[]},{"name":"Efeitos","expanded":true,"children":[]},{"name":"Container","expanded":true,"children":[]},{"name":"Template","expanded":true,"children":[]},{"name":"Propriedades","expanded":true,"children":[]}],"scrollPosition":0}},{"uids":[166],"properties":{"properties":[{"name":"Propriedades do tipo de objeto","expanded":true,"children":[]},{"name":"Comum","expanded":true,"children":[{"name":"Posição","expanded":false,"children":[]},{"name":"Tamanho","expanded":false,"children":[]}]},{"name":"Variáveis de instância","expanded":true,"children":[]},{"name":"Comportamentos","expanded":true,"children":[]},{"name":"Efeitos","expanded":true,"children":[]},{"name":"Container","expanded":true,"children":[]},{"name":"Template","expanded":true,"children":[]},{"name":"Propriedades","expanded":true,"children":[]}],"scrollPosition":0}}]}