{
	"name": "Layout 3",
	"layers": [
		{
			"name": "BACKGROUND",
			"overriden": 0,
			"subLayers": [],
			"instances": [
				{
					"type": "Sprite8",
					"properties": {
						"initially-visible": true,
						"initial-animation": "Animation 1",
						"initial-frame": 0,
						"enable-collisions": true,
						"live-preview": false
					},
					"uid": 346,
					"instanceVariables": {},
					"behaviors": {},
					"world": {
						"x": 864,
						"y": 480,
						"width": 1760,
						"height": 960,
						"originX": 0.5,
						"originY": 0.5,
						"color": [
							1,
							1,
							1,
							1
						],
						"angle": 0,
						"zElevation": 0
					}
				},
				{
					"type": "BackgroundGame",
					"properties": {
						"initially-visible": true,
						"initial-animation": "Default",
						"initial-frame": 0,
						"enable-collisions": true,
						"live-preview": false
					},
					"uid": 348,
					"instanceVariables": {},
					"behaviors": {},
					"world": {
						"x": 2624,
						"y": 480,
						"width": 1760,
						"height": 960,
						"originX": 0.5,
						"originY": 0.5,
						"color": [
							1,
							1,
							1,
							1
						],
						"angle": 0,
						"zElevation": 0
					}
				},
				{
					"type": "BackgroundGame",
					"properties": {
						"initially-visible": true,
						"initial-animation": "Default",
						"initial-frame": 0,
						"enable-collisions": true,
						"live-preview": false
					},
					"uid": 347,
					"instanceVariables": {},
					"behaviors": {},
					"world": {
						"x": 4384,
						"y": 480,
						"width": 1760,
						"height": 960,
						"originX": 0.5,
						"originY": 0.5,
						"color": [
							1,
							1,
							1,
							1
						],
						"angle": 0,
						"zElevation": 0
					}
				},
				{
					"type": "BackgroundGame",
					"properties": {
						"initially-visible": true,
						"initial-animation": "Default",
						"initial-frame": 0,
						"enable-collisions": true,
						"live-preview": false
					},
					"uid": 349,
					"instanceVariables": {},
					"behaviors": {},
					"world": {
						"x": 6112,
						"y": 480,
						"width": 1760,
						"height": 960,
						"originX": 0.5,
						"originY": 0.5,
						"color": [
							1,
							1,
							1,
							1
						],
						"angle": 0,
						"zElevation": 0
					}
				},
				{
					"type": "BackgroundGame",
					"properties": {
						"initially-visible": true,
						"initial-animation": "Default",
						"initial-frame": 0,
						"enable-collisions": true,
						"live-preview": false
					},
					"uid": 350,
					"instanceVariables": {},
					"behaviors": {},
					"world": {
						"x": 7872,
						"y": 480,
						"width": 1760,
						"height": 960,
						"originX": 0.5,
						"originY": 0.5,
						"color": [
							1,
							1,
							1,
							1
						],
						"angle": 0,
						"zElevation": 0
					}
				},
				{
					"type": "BackgroundGame",
					"properties": {
						"initially-visible": true,
						"initial-animation": "Default",
						"initial-frame": 0,
						"enable-collisions": true,
						"live-preview": false
					},
					"uid": 351,
					"instanceVariables": {},
					"behaviors": {},
					"world": {
						"x": 9632,
						"y": 480,
						"width": 1760,
						"height": 960,
						"originX": 0.5,
						"originY": 0.5,
						"color": [
							1,
							1,
							1,
							1
						],
						"angle": 0,
						"zElevation": 0
					}
				}
			],
			"sid": 336133511147490,
			"effectTypes": [],
			"isInitiallyVisible": true,
			"isInitiallyInteractive": true,
			"isHTMLElementsLayer": false,
			"color": [
				1,
				1,
				1,
				1
			],
			"backgroundColor": [
				0.3686274509803922,
				0.3686274509803922,
				0.3686274509803922,
				1
			],
			"isTransparent": true,
			"parallaxX": 1,
			"parallaxY": 1,
			"scaleRate": 1,
			"forceOwnTexture": false,
			"renderingMode": "3d",
			"drawOrder": "z-order",
			"useRenderCells": false,
			"blendMode": "normal",
			"zElevation": 0,
			"global": false
		},
		{
			"name": "Camada 0",
			"overriden": 0,
			"subLayers": [],
			"instances": [
				{
					"type": "PLATAFORMASOLIDABACK2",
					"properties": {
						"initially-visible": true,
						"initial-animation": "Default",
						"initial-frame": 0,
						"enable-collisions": true,
						"live-preview": false
					},
					"uid": 353,
					"instanceVariables": {},
					"behaviors": {
						"Sólido": {
							"properties": {
								"enabled": true,
								"tags": ""
							}
						}
					},
					"world": {
						"x": 2560,
						"y": 480,
						"width": 1760,
						"height": 960,
						"originX": 0.5,
						"originY": 0.5,
						"color": [
							1,
							1,
							1,
							1
						],
						"angle": 0,
						"zElevation": 0
					}
				},
				{
					"type": "Sprite10",
					"properties": {
						"initially-visible": true,
						"initial-animation": "Animation 1",
						"initial-frame": 0,
						"enable-collisions": true,
						"live-preview": false
					},
					"uid": 352,
					"instanceVariables": {},
					"behaviors": {
						"Sólido": {
							"properties": {
								"enabled": true,
								"tags": ""
							}
						}
					},
					"world": {
						"x": 864,
						"y": 480,
						"width": 1760,
						"height": 960,
						"originX": 0.5,
						"originY": 0.5,
						"color": [
							1,
							1,
							1,
							1
						],
						"angle": 0,
						"zElevation": 0
					}
				},
				{
					"type": "PLATAFORMASOLIDABACK2",
					"properties": {
						"initially-visible": true,
						"initial-animation": "Default",
						"initial-frame": 0,
						"enable-collisions": true,
						"live-preview": false
					},
					"uid": 355,
					"instanceVariables": {},
					"behaviors": {
						"Sólido": {
							"properties": {
								"enabled": true,
								"tags": ""
							}
						}
					},
					"world": {
						"x": 4288,
						"y": 480,
						"width": 1760,
						"height": 960,
						"originX": 0.5,
						"originY": 0.5,
						"color": [
							1,
							1,
							1,
							1
						],
						"angle": 0,
						"zElevation": 0
					}
				},
				{
					"type": "PLATAFORMASOLIDABACK2",
					"properties": {
						"initially-visible": true,
						"initial-animation": "Default",
						"initial-frame": 0,
						"enable-collisions": true,
						"live-preview": false
					},
					"uid": 354,
					"instanceVariables": {},
					"behaviors": {
						"Sólido": {
							"properties": {
								"enabled": true,
								"tags": ""
							}
						}
					},
					"world": {
						"x": 6048,
						"y": 480,
						"width": 1760,
						"height": 960,
						"originX": 0.5,
						"originY": 0.5,
						"color": [
							1,
							1,
							1,
							1
						],
						"angle": 0,
						"zElevation": 0
					}
				},
				{
					"type": "PLATAFORMASOLIDABACK2",
					"properties": {
						"initially-visible": true,
						"initial-animation": "Default",
						"initial-frame": 0,
						"enable-collisions": true,
						"live-preview": false
					},
					"uid": 356,
					"instanceVariables": {},
					"behaviors": {
						"Sólido": {
							"properties": {
								"enabled": true,
								"tags": ""
							}
						}
					},
					"world": {
						"x": 7776,
						"y": 480,
						"width": 1760,
						"height": 960,
						"originX": 0.5,
						"originY": 0.5,
						"color": [
							1,
							1,
							1,
							1
						],
						"angle": 0,
						"zElevation": 0
					}
				},
				{
					"type": "PLATAFORMASOLIDABACK2",
					"properties": {
						"initially-visible": true,
						"initial-animation": "Default",
						"initial-frame": 0,
						"enable-collisions": true,
						"live-preview": false
					},
					"uid": 357,
					"instanceVariables": {},
					"behaviors": {
						"Sólido": {
							"properties": {
								"enabled": true,
								"tags": ""
							}
						}
					},
					"world": {
						"x": 9472,
						"y": 480,
						"width": 1760,
						"height": 960,
						"originX": 0.5,
						"originY": 0.5,
						"color": [
							1,
							1,
							1,
							1
						],
						"angle": 0,
						"zElevation": 0
					}
				},
				{
					"type": "PLATAFORMASOLIDABACK2",
					"properties": {
						"initially-visible": true,
						"initial-animation": "Default",
						"initial-frame": 0,
						"enable-collisions": true,
						"live-preview": false
					},
					"uid": 358,
					"instanceVariables": {},
					"behaviors": {
						"Sólido": {
							"properties": {
								"enabled": true,
								"tags": ""
							}
						}
					},
					"world": {
						"x": 11136,
						"y": 480,
						"width": 1760,
						"height": 960,
						"originX": 0.5,
						"originY": 0.5,
						"color": [
							1,
							1,
							1,
							1
						],
						"angle": 0,
						"zElevation": 0
					}
				},
				{
					"type": "Sprite11",
					"properties": {
						"initially-visible": true,
						"initial-animation": "Animation 1",
						"initial-frame": 0,
						"enable-collisions": true,
						"live-preview": false
					},
					"uid": 360,
					"instanceVariables": {},
					"behaviors": {
						"Plataforma": {
							"properties": {
								"max-speed": 330,
								"acceleration": 1500,
								"deceleration": 1500,
								"jump-strength": 650,
								"gravity": 1500,
								"max-fall-speed": 1000,
								"double-jump": false,
								"jump-sustain": 0,
								"default-controls": false,
								"enabled": true
							}
						}
					},
					"world": {
						"x": 480,
						"y": 544,
						"width": 128,
						"height": 128,
						"originX": 0.5,
						"originY": 1,
						"color": [
							1,
							1,
							1,
							1
						],
						"angle": 0,
						"zElevation": 0
					}
				},
				{
					"type": "Jogador",
					"properties": {
						"initially-visible": true,
						"initial-animation": "Correndo",
						"initial-frame": 0,
						"enable-collisions": true,
						"live-preview": false
					},
					"uid": 359,
					"instanceVariables": {
						"Direção": ""
					},
					"behaviors": {
						"Plataforma": {
							"properties": {
								"max-speed": 350,
								"acceleration": 1500,
								"deceleration": 1500,
								"jump-strength": 350,
								"gravity": 1000,
								"max-fall-speed": 1000,
								"double-jump": true,
								"jump-sustain": 0,
								"default-controls": true,
								"enabled": true
							}
						},
						"CentrarEm": {
							"properties": {
								"enabled": true
							}
						},
						"RestritoAoLayout": {
							"properties": {
								"bound-by": "edge"
							}
						}
					},
					"world": {
						"x": 256,
						"y": 672,
						"width": 128,
						"height": 128,
						"originX": 0.5,
						"originY": 1,
						"color": [
							1,
							1,
							1,
							1
						],
						"angle": 0,
						"zElevation": 0
					}
				},
				{
					"type": "Sprite12",
					"properties": {
						"initially-visible": true,
						"initial-animation": "Animation 1",
						"initial-frame": 0,
						"enable-collisions": true,
						"live-preview": false
					},
					"uid": 361,
					"instanceVariables": {},
					"behaviors": {
						"Plataforma": {
							"properties": {
								"max-speed": 330,
								"acceleration": 1500,
								"deceleration": 1500,
								"jump-strength": 650,
								"gravity": 1500,
								"max-fall-speed": 1000,
								"double-jump": false,
								"jump-sustain": 0,
								"default-controls": true,
								"enabled": true
							}
						}
					},
					"world": {
						"x": 640,
						"y": 544,
						"width": 128,
						"height": 128,
						"originX": 0.5,
						"originY": 1,
						"color": [
							1,
							1,
							1,
							1
						],
						"angle": 0,
						"zElevation": 0
					}
				}
			],
			"sid": 330247427227635,
			"effectTypes": [],
			"isInitiallyVisible": true,
			"isInitiallyInteractive": true,
			"isHTMLElementsLayer": false,
			"color": [
				1,
				1,
				1,
				1
			],
			"backgroundColor": [
				0.3686274509803922,
				0.3686274509803922,
				0.3686274509803922,
				1
			],
			"isTransparent": true,
			"parallaxX": 1,
			"parallaxY": 1,
			"scaleRate": 1,
			"forceOwnTexture": false,
			"renderingMode": "3d",
			"drawOrder": "z-order",
			"useRenderCells": false,
			"blendMode": "normal",
			"zElevation": 0,
			"global": false
		}
	],
	"sid": 954945651081674,
	"nonworld-instances": [],
	"effectTypes": [],
	"width": 10000,
	"height": 960,
	"unboundedScrolling": false,
	"vpX": 0.5,
	"vpY": 0.5,
	"projection": "perspective",
	"eventSheet": "Folha de eventos 1"
}