{"propertiesBar":{"properties":[{"name":"Layout","expanded":true,"children":[{"name":"Tamanho","expanded":false,"children":[]},{"name":"Ponto de fuga","expanded":false,"children":[]}]},{"name":"Efeitos","expanded":true,"children":[]},{"name":"Editor","expanded":true,"children":[{"name":"Margens","expanded":false,"children":[]},{"name":"Tamanho do grid","expanded":false,"children":[]},{"name":"Deslocamento do grid","expanded":false,"children":[]}]}],"scrollPosition":0},"layersBar":{"name":"<root>","children":[{"name":"Camada 0","expanded":true,"children":[]},{"name":"BACKGROUND","expanded":true,"children":[]}]},"grid":{"show":false,"snap":true,"width":32,"height":32,"offsetX":0,"offsetY":0},"marginWidth":1000,"marginHeight":1000,"showCollisionPolygons":false,"showMeshes":false,"showTranslucentInactiveLayers":false,"showSceneGraphConnections":false,"tabColor":[0.9999999999999999,0.95,0.8000000000000002,1],"tabTextColor":null,"layers":[{"name":"BACKGROUND","propertiesBar":{"properties":[{"name":"Propriedades da camada","expanded":true,"children":[]},{"name":"Centralização e zoom","expanded":true,"children":[{"name":"Parallax","expanded":false,"children":[]}]},{"name":"Aparência","expanded":true,"children":[]},{"name":"Efeitos","expanded":true,"children":[]},{"name":"Editor","expanded":true,"children":[]}],"scrollPosition":0},"visibleInEditor":true,"locked":false,"parallaxInEditor":false,"opacity":1,"translucent":false},{"name":"Camada 0","propertiesBar":{"properties":[{"name":"Propriedades da camada","expanded":true,"children":[]},{"name":"Centralização e zoom","expanded":true,"children":[{"name":"Parallax","expanded":false,"children":[]}]},{"name":"Aparência","expanded":true,"children":[]},{"name":"Efeitos","expanded":true,"children":[]},{"name":"Editor","expanded":true,"children":[]}],"scrollPosition":0},"visibleInEditor":true,"locked":false,"parallaxInEditor":false,"opacity":1,"translucent":false}],"view":{"x":1626.4385698569488,"y":506.83216604586784,"z":226.21090909091112,"activeLayer":"BACKGROUND"},"selectedInstances":[],"lockedInstances":[338,337],"instanceCollections":[{"uids":[337],"properties":{"properties":[{"name":"Propriedades do tipo de objeto","expanded":true,"children":[]},{"name":"Comum","expanded":true,"children":[{"name":"Posição","expanded":false,"children":[]},{"name":"Tamanho","expanded":false,"children":[]}]},{"name":"Variáveis de instância","expanded":true,"children":[]},{"name":"Comportamentos","expanded":true,"children":[]},{"name":"Efeitos","expanded":true,"children":[]},{"name":"Container","expanded":true,"children":[]},{"name":"Template","expanded":true,"children":[]},{"name":"Propriedades","expanded":true,"children":[]}],"scrollPosition":0}},{"uids":[331],"properties":{"properties":[{"name":"Propriedades do tipo de objeto","expanded":true,"children":[]},{"name":"Comum","expanded":true,"children":[{"name":"Posição","expanded":false,"children":[]},{"name":"Tamanho","expanded":false,"children":[]}]},{"name":"Variáveis de instância","expanded":true,"children":[]},{"name":"Comportamentos","expanded":true,"children":[]},{"name":"Efeitos","expanded":true,"children":[]},{"name":"Container","expanded":true,"children":[]},{"name":"Template","expanded":true,"children":[]},{"name":"Propriedades","expanded":true,"children":[]}],"scrollPosition":0}},{"uids":[360],"properties":{"properties":[{"name":"Propriedades do tipo de objeto","expanded":true,"children":[]},{"name":"Comum","expanded":true,"children":[{"name":"Posição","expanded":false,"children":[]},{"name":"Tamanho","expanded":false,"children":[]}]},{"name":"Variáveis de instância","expanded":true,"children":[]},{"name":"Comportamentos","expanded":true,"children":[]},{"name":"Efeitos","expanded":true,"children":[]},{"name":"Container","expanded":true,"children":[]},{"name":"Template","expanded":true,"children":[]},{"name":"Propriedades","expanded":true,"children":[]}],"scrollPosition":0}},{"uids":[335,336,338,339,340,341,342,343,344,345,346,347,348,349,350,351,352,353,354,355,356,357,358,359,360,361,362,363,364,365,366,367,368,369,370,371,372,373,374,375,376,377,378,379,380,381,382,383,384,386,387,388,389,390,391,392,393,394,395,396,398,399,400,401,402,488,489],"properties":{"properties":[{"name":"Propriedades do tipo de objeto","expanded":true,"children":[]},{"name":"Comum","expanded":true,"children":[{"name":"Posição","expanded":false,"children":[]},{"name":"Tamanho","expanded":false,"children":[]}]},{"name":"Efeitos","expanded":true,"children":[]},{"name":"Propriedades","expanded":true,"children":[]}],"scrollPosition":0}},{"uids":[335,336,338,339,340,341,342,343,344,345,346,347,348,349,350,351,352,353,354,355,356,357,358,359,360,361,362,363,364,365,366,367,368,369,370,371,372,373,374,375,376,377,378,379,380,381,382,383,384,385,386,387,388,389,390,391,392,393,394,395,396,397,398,399,400,401,402,403,404,405,406,407,408,409,410,411,412,413,414,415,416,417,418,419,420,421,422,423,424,425,426,427,428,429,430,431,432,433,434,435,436,437,438,439,440,441,442,443,444,445,446,447,448,449,450,451,452,453,454,455,456,457,458,459,460,461,462,463,464,465,466,467,468,469,470,471,472,473,474,475,476,477,478,479,480,481,482,483,484,485,486,487,488,489,490,491,492,493,494],"properties":{"properties":[{"name":"Propriedades do tipo de objeto","expanded":true,"children":[]},{"name":"Comum","expanded":true,"children":[{"name":"Posição","expanded":false,"children":[]},{"name":"Tamanho","expanded":false,"children":[]}]},{"name":"Efeitos","expanded":true,"children":[]},{"name":"Propriedades","expanded":true,"children":[]}],"scrollPosition":0}},{"uids":[333],"properties":{"properties":[{"name":"Propriedades do tipo de objeto","expanded":true,"children":[]},{"name":"Comum","expanded":true,"children":[{"name":"Posição","expanded":false,"children":[]},{"name":"Tamanho","expanded":false,"children":[]}]},{"name":"Variáveis de instância","expanded":true,"children":[]},{"name":"Comportamentos","expanded":true,"children":[]},{"name":"Efeitos","expanded":true,"children":[]},{"name":"Container","expanded":true,"children":[]},{"name":"Template","expanded":true,"children":[]},{"name":"Propriedades","expanded":true,"children":[]}],"scrollPosition":0}},{"uids":[332],"properties":{"properties":[{"name":"Propriedades do tipo de objeto","expanded":true,"children":[]},{"name":"Comum","expanded":true,"children":[{"name":"Posição","expanded":false,"children":[]},{"name":"Tamanho","expanded":false,"children":[]}]},{"name":"Variáveis de instância","expanded":true,"children":[]},{"name":"Comportamentos","expanded":true,"children":[]},{"name":"Efeitos","expanded":true,"children":[]},{"name":"Container","expanded":true,"children":[]},{"name":"Template","expanded":true,"children":[]},{"name":"Propriedades","expanded":true,"children":[]}],"scrollPosition":0}},{"uids":[334],"properties":{"properties":[{"name":"Propriedades do tipo de objeto","expanded":true,"children":[]},{"name":"Comum","expanded":true,"children":[{"name":"Posição","expanded":false,"children":[]},{"name":"Tamanho","expanded":false,"children":[]}]},{"name":"Variáveis de instância","expanded":true,"children":[]},{"name":"Comportamentos","expanded":true,"children":[]},{"name":"Efeitos","expanded":true,"children":[]},{"name":"Container","expanded":true,"children":[]},{"name":"Template","expanded":true,"children":[]},{"name":"Propriedades","expanded":true,"children":[]}],"scrollPosition":0}},{"uids":[332],"properties":{"properties":[{"name":"Propriedades do tipo de objeto","expanded":true,"children":[]},{"name":"Comum","expanded":true,"children":[{"name":"Posição","expanded":false,"children":[]},{"name":"Tamanho","expanded":false,"children":[]}]},{"name":"Variáveis de instância","expanded":true,"children":[]},{"name":"Comportamentos","expanded":true,"children":[]},{"name":"Efeitos","expanded":true,"children":[]},{"name":"Container","expanded":true,"children":[]},{"name":"Template","expanded":true,"children":[]},{"name":"Propriedades","expanded":true,"children":[]}],"scrollPosition":0}},{"uids":[333],"properties":{"properties":[{"name":"Propriedades do tipo de objeto","expanded":true,"children":[]},{"name":"Comum","expanded":true,"children":[{"name":"Posição","expanded":false,"children":[]},{"name":"Tamanho","expanded":false,"children":[]}]},{"name":"Variáveis de instância","expanded":true,"children":[]},{"name":"Comportamentos","expanded":true,"children":[]},{"name":"Efeitos","expanded":true,"children":[]},{"name":"Container","expanded":true,"children":[]},{"name":"Template","expanded":true,"children":[]},{"name":"Propriedades","expanded":true,"children":[]}],"scrollPosition":0}},{"uids":[332],"properties":{"properties":[{"name":"Propriedades do tipo de objeto","expanded":true,"children":[]},{"name":"Comum","expanded":true,"children":[{"name":"Posição","expanded":false,"children":[]},{"name":"Tamanho","expanded":false,"children":[]}]},{"name":"Variáveis de instância","expanded":true,"children":[]},{"name":"Comportamentos","expanded":true,"children":[]},{"name":"Efeitos","expanded":true,"children":[]},{"name":"Container","expanded":true,"children":[]},{"name":"Template","expanded":true,"children":[]},{"name":"Propriedades","expanded":true,"children":[]}],"scrollPosition":0}},{"uids":[331],"properties":{"properties":[{"name":"Propriedades do tipo de objeto","expanded":true,"children":[]},{"name":"Comum","expanded":true,"children":[{"name":"Posição","expanded":false,"children":[]},{"name":"Tamanho","expanded":false,"children":[]}]},{"name":"Variáveis de instância","expanded":true,"children":[]},{"name":"Comportamentos","expanded":true,"children":[]},{"name":"Efeitos","expanded":true,"children":[]},{"name":"Container","expanded":true,"children":[]},{"name":"Template","expanded":true,"children":[]},{"name":"Propriedades","expanded":true,"children":[]}],"scrollPosition":0}},{"uids":[331,332],"properties":{"properties":[{"name":"Propriedades do tipo de objeto","expanded":true,"children":[]},{"name":"Comum","expanded":true,"children":[{"name":"Posição","expanded":false,"children":[]},{"name":"Tamanho","expanded":false,"children":[]}]},{"name":"Efeitos","expanded":true,"children":[]},{"name":"Propriedades","expanded":true,"children":[]}],"scrollPosition":0}},{"uids":[332,333,336,337],"properties":{"properties":[{"name":"Propriedades do tipo de objeto","expanded":true,"children":[]},{"name":"Comum","expanded":true,"children":[{"name":"Posição","expanded":false,"children":[]},{"name":"Tamanho","expanded":false,"children":[]}]},{"name":"Efeitos","expanded":true,"children":[]},{"name":"Propriedades","expanded":true,"children":[]}],"scrollPosition":0}},{"uids":[335,336],"properties":{"properties":[{"name":"Propriedades do tipo de objeto","expanded":true,"children":[]},{"name":"Comum","expanded":true,"children":[{"name":"Posição","expanded":false,"children":[]},{"name":"Tamanho","expanded":false,"children":[]}]},{"name":"Variáveis de instância","expanded":true,"children":[]},{"name":"Comportamentos","expanded":true,"children":[]},{"name":"Efeitos","expanded":true,"children":[]},{"name":"Container","expanded":true,"children":[]},{"name":"Template","expanded":true,"children":[]},{"name":"Propriedades","expanded":true,"children":[]}],"scrollPosition":0}},{"uids":[335,336,337],"properties":{"properties":[{"name":"Propriedades do tipo de objeto","expanded":true,"children":[]},{"name":"Comum","expanded":true,"children":[{"name":"Posição","expanded":false,"children":[]},{"name":"Tamanho","expanded":false,"children":[]}]},{"name":"Variáveis de instância","expanded":true,"children":[]},{"name":"Comportamentos","expanded":true,"children":[]},{"name":"Efeitos","expanded":true,"children":[]},{"name":"Container","expanded":true,"children":[]},{"name":"Template","expanded":true,"children":[]},{"name":"Propriedades","expanded":true,"children":[]}],"scrollPosition":0}},{"uids":[338,339,340],"properties":{"properties":[{"name":"Propriedades do tipo de objeto","expanded":true,"children":[]},{"name":"Comum","expanded":true,"children":[{"name":"Posição","expanded":false,"children":[]},{"name":"Tamanho","expanded":false,"children":[]}]},{"name":"Variáveis de instância","expanded":true,"children":[]},{"name":"Comportamentos","expanded":true,"children":[]},{"name":"Efeitos","expanded":true,"children":[]},{"name":"Container","expanded":true,"children":[]},{"name":"Template","expanded":true,"children":[]},{"name":"Propriedades","expanded":true,"children":[]}],"scrollPosition":0}},{"uids":[335,340],"properties":{"properties":[{"name":"Propriedades do tipo de objeto","expanded":true,"children":[]},{"name":"Comum","expanded":true,"children":[{"name":"Posição","expanded":false,"children":[]},{"name":"Tamanho","expanded":false,"children":[]}]},{"name":"Variáveis de instância","expanded":true,"children":[]},{"name":"Comportamentos","expanded":true,"children":[]},{"name":"Efeitos","expanded":true,"children":[]},{"name":"Container","expanded":true,"children":[]},{"name":"Template","expanded":true,"children":[]},{"name":"Propriedades","expanded":true,"children":[]}],"scrollPosition":0}},{"uids":[335,336,340],"properties":{"properties":[{"name":"Propriedades do tipo de objeto","expanded":true,"children":[]},{"name":"Comum","expanded":true,"children":[{"name":"Posição","expanded":false,"children":[]},{"name":"Tamanho","expanded":false,"children":[]}]},{"name":"Variáveis de instância","expanded":true,"children":[]},{"name":"Comportamentos","expanded":true,"children":[]},{"name":"Efeitos","expanded":true,"children":[]},{"name":"Container","expanded":true,"children":[]},{"name":"Template","expanded":true,"children":[]},{"name":"Propriedades","expanded":true,"children":[]}],"scrollPosition":0}},{"uids":[335,336,337,340],"properties":{"properties":[{"name":"Propriedades do tipo de objeto","expanded":true,"children":[]},{"name":"Comum","expanded":true,"children":[{"name":"Posição","expanded":false,"children":[]},{"name":"Tamanho","expanded":false,"children":[]}]},{"name":"Variáveis de instância","expanded":true,"children":[]},{"name":"Comportamentos","expanded":true,"children":[]},{"name":"Efeitos","expanded":true,"children":[]},{"name":"Container","expanded":true,"children":[]},{"name":"Template","expanded":true,"children":[]},{"name":"Propriedades","expanded":true,"children":[]}],"scrollPosition":0}},{"uids":[335,336,337,338,340],"properties":{"properties":[{"name":"Propriedades do tipo de objeto","expanded":true,"children":[]},{"name":"Comum","expanded":true,"children":[{"name":"Posição","expanded":false,"children":[]},{"name":"Tamanho","expanded":false,"children":[]}]},{"name":"Variáveis de instância","expanded":true,"children":[]},{"name":"Comportamentos","expanded":true,"children":[]},{"name":"Efeitos","expanded":true,"children":[]},{"name":"Container","expanded":true,"children":[]},{"name":"Template","expanded":true,"children":[]},{"name":"Propriedades","expanded":true,"children":[]}],"scrollPosition":0}},{"uids":[335,336,337,338,339,340],"properties":{"properties":[{"name":"Propriedades do tipo de objeto","expanded":true,"children":[]},{"name":"Comum","expanded":true,"children":[{"name":"Posição","expanded":false,"children":[]},{"name":"Tamanho","expanded":false,"children":[]}]},{"name":"Variáveis de instância","expanded":true,"children":[]},{"name":"Comportamentos","expanded":true,"children":[]},{"name":"Efeitos","expanded":true,"children":[]},{"name":"Container","expanded":true,"children":[]},{"name":"Template","expanded":true,"children":[]},{"name":"Propriedades","expanded":true,"children":[]}],"scrollPosition":0}},{"uids":[336],"properties":{"properties":[{"name":"Propriedades do tipo de objeto","expanded":true,"children":[]},{"name":"Comum","expanded":true,"children":[{"name":"Posição","expanded":false,"children":[]},{"name":"Tamanho","expanded":false,"children":[]}]},{"name":"Variáveis de instância","expanded":true,"children":[]},{"name":"Comportamentos","expanded":true,"children":[]},{"name":"Efeitos","expanded":true,"children":[]},{"name":"Container","expanded":true,"children":[]},{"name":"Template","expanded":true,"children":[]},{"name":"Propriedades","expanded":true,"children":[]}],"scrollPosition":0}},{"uids":[340],"properties":{"properties":[{"name":"Propriedades do tipo de objeto","expanded":true,"children":[]},{"name":"Comum","expanded":true,"children":[{"name":"Posição","expanded":false,"children":[]},{"name":"Tamanho","expanded":false,"children":[]}]},{"name":"Variáveis de instância","expanded":true,"children":[]},{"name":"Comportamentos","expanded":true,"children":[{"name":"Sólido","expanded":true,"children":[]}]},{"name":"Efeitos","expanded":true,"children":[]},{"name":"Container","expanded":true,"children":[]},{"name":"Template","expanded":true,"children":[]},{"name":"Propriedades","expanded":true,"children":[]}],"scrollPosition":0}},{"uids":[338],"properties":{"properties":[{"name":"Propriedades do tipo de objeto","expanded":true,"children":[]},{"name":"Comum","expanded":true,"children":[{"name":"Posição","expanded":false,"children":[]},{"name":"Tamanho","expanded":false,"children":[]}]},{"name":"Variáveis de instância","expanded":true,"children":[]},{"name":"Comportamentos","expanded":true,"children":[{"name":"Sólido","expanded":true,"children":[]}]},{"name":"Efeitos","expanded":true,"children":[]},{"name":"Container","expanded":true,"children":[]},{"name":"Template","expanded":true,"children":[]},{"name":"Propriedades","expanded":true,"children":[]}],"scrollPosition":0}},{"uids":[341],"properties":{"properties":[{"name":"Propriedades do tipo de objeto","expanded":true,"children":[]},{"name":"Comum","expanded":true,"children":[{"name":"Posição","expanded":false,"children":[]},{"name":"Tamanho","expanded":false,"children":[]}]},{"name":"Variáveis de instância","expanded":true,"children":[]},{"name":"Comportamentos","expanded":true,"children":[]},{"name":"Efeitos","expanded":true,"children":[]},{"name":"Container","expanded":true,"children":[]},{"name":"Template","expanded":true,"children":[]},{"name":"Propriedades","expanded":true,"children":[]}],"scrollPosition":0}},{"uids":[334],"properties":{"properties":[{"name":"Propriedades do tipo de objeto","expanded":true,"children":[]},{"name":"Comum","expanded":true,"children":[{"name":"Posição","expanded":false,"children":[]},{"name":"Tamanho","expanded":false,"children":[]}]},{"name":"Variáveis de instância","expanded":true,"children":[]},{"name":"Comportamentos","expanded":true,"children":[]},{"name":"Efeitos","expanded":true,"children":[]},{"name":"Container","expanded":true,"children":[]},{"name":"Template","expanded":true,"children":[]},{"name":"Propriedades","expanded":true,"children":[]}],"scrollPosition":0}},{"uids":[337],"properties":{"properties":[{"name":"Propriedades do tipo de objeto","expanded":true,"children":[]},{"name":"Comum","expanded":true,"children":[{"name":"Posição","expanded":false,"children":[]},{"name":"Tamanho","expanded":false,"children":[]}]},{"name":"Variáveis de instância","expanded":true,"children":[]},{"name":"Comportamentos","expanded":true,"children":[{"name":"Sólido","expanded":true,"children":[]}]},{"name":"Efeitos","expanded":true,"children":[]},{"name":"Container","expanded":true,"children":[]},{"name":"Template","expanded":true,"children":[]},{"name":"Propriedades","expanded":true,"children":[]}],"scrollPosition":0}},{"uids":[341,342],"properties":{"properties":[{"name":"Propriedades do tipo de objeto","expanded":true,"children":[]},{"name":"Comum","expanded":true,"children":[{"name":"Posição","expanded":false,"children":[]},{"name":"Tamanho","expanded":false,"children":[]}]},{"name":"Efeitos","expanded":true,"children":[]},{"name":"Propriedades","expanded":true,"children":[]}],"scrollPosition":0}},{"uids":[333],"properties":{"properties":[{"name":"Propriedades do tipo de objeto","expanded":true,"children":[]},{"name":"Comum","expanded":true,"children":[{"name":"Posição","expanded":false,"children":[]},{"name":"Tamanho","expanded":false,"children":[]}]},{"name":"Variáveis de instância","expanded":true,"children":[]},{"name":"Comportamentos","expanded":true,"children":[]},{"name":"Efeitos","expanded":true,"children":[]},{"name":"Container","expanded":true,"children":[]},{"name":"Template","expanded":true,"children":[]},{"name":"Propriedades","expanded":true,"children":[]}],"scrollPosition":0}},{"uids":[333,334],"properties":{"properties":[{"name":"Propriedades do tipo de objeto","expanded":true,"children":[]},{"name":"Comum","expanded":true,"children":[{"name":"Posição","expanded":false,"children":[]},{"name":"Tamanho","expanded":false,"children":[]}]},{"name":"Efeitos","expanded":true,"children":[]},{"name":"Propriedades","expanded":true,"children":[]}],"scrollPosition":0}},{"uids":[341],"properties":{"properties":[{"name":"Propriedades do tipo de objeto","expanded":true,"children":[]},{"name":"Comum","expanded":true,"children":[{"name":"Posição","expanded":false,"children":[]},{"name":"Tamanho","expanded":false,"children":[]}]},{"name":"Variáveis de instância","expanded":true,"children":[]},{"name":"Comportamentos","expanded":true,"children":[]},{"name":"Efeitos","expanded":true,"children":[]},{"name":"Container","expanded":true,"children":[]},{"name":"Template","expanded":true,"children":[]},{"name":"Propriedades","expanded":true,"children":[]}],"scrollPosition":0}},{"uids":[341,342],"properties":{"properties":[{"name":"Propriedades do tipo de objeto","expanded":true,"children":[]},{"name":"Comum","expanded":true,"children":[{"name":"Posição","expanded":false,"children":[]},{"name":"Tamanho","expanded":false,"children":[]}]},{"name":"Efeitos","expanded":true,"children":[]},{"name":"Propriedades","expanded":true,"children":[]}],"scrollPosition":0}},{"uids":[335],"properties":{"properties":[{"name":"Propriedades do tipo de objeto","expanded":true,"children":[]},{"name":"Comum","expanded":true,"children":[{"name":"Posição","expanded":false,"children":[]},{"name":"Tamanho","expanded":false,"children":[]}]},{"name":"Variáveis de instância","expanded":true,"children":[]},{"name":"Comportamentos","expanded":true,"children":[{"name":"Sólido","expanded":true,"children":[]}]},{"name":"Efeitos","expanded":true,"children":[]},{"name":"Container","expanded":true,"children":[]},{"name":"Template","expanded":true,"children":[]},{"name":"Propriedades","expanded":true,"children":[]}],"scrollPosition":0}},{"uids":[343],"properties":{"properties":[{"name":"Propriedades do tipo de objeto","expanded":true,"children":[]},{"name":"Comum","expanded":true,"children":[{"name":"Posição","expanded":false,"children":[]},{"name":"Tamanho","expanded":false,"children":[]}]},{"name":"Variáveis de instância","expanded":true,"children":[]},{"name":"Comportamentos","expanded":true,"children":[{"name":"Plataforma","expanded":true,"children":[]},{"name":"CentrarEm","expanded":true,"children":[]},{"name":"RestritoAoLayout","expanded":true,"children":[]}]},{"name":"Efeitos","expanded":true,"children":[]},{"name":"Container","expanded":true,"children":[]},{"name":"Template","expanded":true,"children":[]},{"name":"Propriedades","expanded":true,"children":[]}],"scrollPosition":0}},{"uids":[344],"properties":{"properties":[{"name":"Propriedades do tipo de objeto","expanded":true,"children":[]},{"name":"Comum","expanded":true,"children":[{"name":"Posição","expanded":false,"children":[]},{"name":"Tamanho","expanded":false,"children":[]}]},{"name":"Variáveis de instância","expanded":true,"children":[]},{"name":"Comportamentos","expanded":true,"children":[{"name":"Plataforma","expanded":true,"children":[]}]},{"name":"Efeitos","expanded":true,"children":[]},{"name":"Container","expanded":true,"children":[]},{"name":"Template","expanded":true,"children":[]},{"name":"Propriedades","expanded":true,"children":[]}],"scrollPosition":0}},{"uids":[345],"properties":{"properties":[{"name":"Propriedades do tipo de objeto","expanded":true,"children":[]},{"name":"Comum","expanded":true,"children":[{"name":"Posição","expanded":false,"children":[]},{"name":"Tamanho","expanded":false,"children":[]}]},{"name":"Variáveis de instância","expanded":true,"children":[]},{"name":"Comportamentos","expanded":true,"children":[{"name":"Plataforma","expanded":true,"children":[]}]},{"name":"Efeitos","expanded":true,"children":[]},{"name":"Container","expanded":true,"children":[]},{"name":"Template","expanded":true,"children":[]},{"name":"Propriedades","expanded":true,"children":[]}],"scrollPosition":0}}]}