{
	"name": "Folha de eventos 1",
	"events": [
		{
			"eventType": "block",
			"conditions": [
				{
					"id": "is-on-floor",
					"objectClass": "Jogador",
					"sid": 492942565082107,
					"behaviorType": "Plataforma"
				}
			],
			"actions": [],
			"sid": 869783418702380,
			"children": [
				{
					"eventType": "block",
					"conditions": [
						{
							"id": "is-animation-playing",
							"objectClass": "Jogador",
							"sid": 295651269982984,
							"parameters": {
								"animation": "\"Queda Final\""
							},
							"isInverted": true
						}
					],
					"actions": [],
					"sid": 218323561676473,
					"children": [
						{
							"eventType": "block",
							"conditions": [
								{
									"id": "is-moving",
									"objectClass": "Jogador",
									"sid": 867551211566320,
									"behaviorType": "Plataforma"
								}
							],
							"actions": [
								{
									"id": "set-animation",
									"objectClass": "Jogador",
									"sid": 653917817487196,
									"parameters": {
										"animation": "\"Correndo\"",
										"from": "beginning"
									}
								}
							],
							"sid": 897916073610634
						},
						{
							"eventType": "block",
							"conditions": [
								{
									"id": "is-moving",
									"objectClass": "Jogador",
									"sid": 985033625795736,
									"behaviorType": "Plataforma",
									"isInverted": true
								}
							],
							"actions": [
								{
									"id": "set-animation",
									"objectClass": "Jogador",
									"sid": 813068369104054,
									"parameters": {
										"animation": "\"Parado\"",
										"from": "beginning"
									}
								}
							],
							"sid": 251348972295060
						}
					]
				}
			]
		},
		{
			"eventType": "block",
			"conditions": [
				{
					"id": "compare-two-values",
					"objectClass": "System",
					"sid": 929670986325243,
					"parameters": {
						"first-value": "Jogador.Plataforma.VectorX",
						"comparison": 4,
						"second-value": "0"
					}
				}
			],
			"actions": [
				{
					"id": "set-mirrored",
					"objectClass": "Jogador",
					"sid": 247784211577438,
					"parameters": {
						"state": "not-mirrored"
					}
				}
			],
			"sid": 631880008295900
		},
		{
			"eventType": "block",
			"conditions": [
				{
					"id": "compare-two-values",
					"objectClass": "System",
					"sid": 159665234310752,
					"parameters": {
						"first-value": "Jogador.Plataforma.VectorX",
						"comparison": 2,
						"second-value": "0"
					}
				}
			],
			"actions": [
				{
					"id": "set-mirrored",
					"objectClass": "Jogador",
					"sid": 906200536719320,
					"parameters": {
						"state": "mirrored"
					}
				}
			],
			"sid": 292305956759499
		},
		{
			"eventType": "block",
			"conditions": [
				{
					"id": "on-jump",
					"objectClass": "Jogador",
					"sid": 751409641783975,
					"behaviorType": "Plataforma"
				}
			],
			"actions": [
				{
					"id": "set-animation",
					"objectClass": "Jogador",
					"sid": 351992331414452,
					"parameters": {
						"animation": "\"Pulo\"",
						"from": "beginning"
					}
				}
			],
			"sid": 974419298054006
		},
		{
			"eventType": "block",
			"conditions": [
				{
					"id": "on-fall",
					"objectClass": "Jogador",
					"sid": 298195305690051,
					"behaviorType": "Plataforma"
				}
			],
			"actions": [
				{
					"id": "set-animation",
					"objectClass": "Jogador",
					"sid": 748277914399236,
					"parameters": {
						"animation": "\"Queda\"",
						"from": "beginning"
					}
				}
			],
			"sid": 392995313361067
		},
		{
			"eventType": "block",
			"conditions": [
				{
					"id": "on-landed",
					"objectClass": "Jogador",
					"sid": 593508555083943,
					"behaviorType": "Plataforma"
				}
			],
			"actions": [
				{
					"id": "set-animation",
					"objectClass": "Jogador",
					"sid": 719056964125215,
					"parameters": {
						"animation": "\"Queda final\"",
						"from": "beginning"
					}
				}
			],
			"sid": 487845398706866
		},
		{
			"eventType": "block",
			"conditions": [
				{
					"id": "on-animation-finished",
					"objectClass": "Jogador",
					"sid": 507252464545735,
					"parameters": {
						"animation": "\"Queda Final\""
					}
				}
			],
			"actions": [
				{
					"id": "set-animation",
					"objectClass": "Jogador",
					"sid": 931395170797478,
					"parameters": {
						"animation": "\"Parado\"",
						"from": "beginning"
					}
				}
			],
			"sid": 537813653421182
		},
		{
			"eventType": "block",
			"conditions": [
				{
					"id": "compare-x",
					"objectClass": "Jogador",
					"sid": 572810996421642,
					"parameters": {
						"comparison": 4,
						"x-co-ordinate": "Inimigo.X"
					}
				}
			],
			"actions": [
				{
					"id": "simulate-control",
					"objectClass": "Inimigo",
					"sid": 890213144055593,
					"behaviorType": "Plataforma",
					"parameters": {
						"control": "right"
					}
				}
			],
			"sid": 889358645774751,
			"children": [
				{
					"eventType": "block",
					"conditions": [
						{
							"id": "is-mirrored",
							"objectClass": "Inimigo",
							"sid": 192669036517054
						}
					],
					"actions": [
						{
							"id": "set-mirrored",
							"objectClass": "Inimigo",
							"sid": 124459048241631,
							"parameters": {
								"state": "not-mirrored"
							}
						}
					],
					"sid": 992265547959674
				}
			]
		},
		{
			"eventType": "block",
			"conditions": [
				{
					"id": "compare-x",
					"objectClass": "Jogador",
					"sid": 322847926278390,
					"parameters": {
						"comparison": 2,
						"x-co-ordinate": "Inimigo.X"
					}
				}
			],
			"actions": [
				{
					"id": "simulate-control",
					"objectClass": "Inimigo",
					"sid": 447758160523692,
					"behaviorType": "Plataforma",
					"parameters": {
						"control": "left"
					}
				}
			],
			"sid": 107759530934826,
			"children": [
				{
					"eventType": "block",
					"conditions": [
						{
							"id": "is-mirrored",
							"objectClass": "Inimigo",
							"sid": 423211790127145,
							"isInverted": true
						}
					],
					"actions": [
						{
							"id": "set-mirrored",
							"objectClass": "Inimigo",
							"sid": 306367493076919,
							"parameters": {
								"state": "mirrored"
							}
						}
					],
					"sid": 346301769291028
				}
			]
		},
		{
			"eventType": "block",
			"conditions": [
				{
					"id": "is-mirrored",
					"objectClass": "Inimigo",
					"sid": 870981542182486
				},
				{
					"id": "is-mirrored",
					"objectClass": "Inimigo",
					"sid": 743421937090458,
					"isInverted": true
				}
			],
			"actions": [
				{
					"id": "set-mirrored",
					"objectClass": "Inimigo",
					"sid": 993182951363596,
					"parameters": {
						"state": "not-mirrored"
					}
				}
			],
			"sid": 312805891489331
		}
	],
	"sid": 672308817144875
}