{
	"name": "Inimigo",
	"plugin-id": "Sprite",
	"sid": 420695496450631,
	"isGlobal": false,
	"instanceVariables": [],
	"behaviorTypes": [
		{
			"behaviorId": "Platform",
			"name": "Plataforma",
			"sid": 227361713676997
		}
	],
	"effectTypes": [],
	"animations": {
		"items": [
			{
				"frames": [
					{
						"width": 900,
						"height": 900,
						"originX": 0.5,
						"originY": 0.5,
						"originalSource": "",
						"exportFormat": "lossless",
						"exportQuality": 0.8,
						"imageSpriteId": 7544233,
						"collisionPoly": {
							"points": [
								0.4811111111111111,
								0.26222222222222225,
								0.5222222222222223,
								0.26222222222222225,
								0.6655555555555556,
								0.3188888888888889,
								0.7088888888888889,
								0.4088888888888889,
								0.6933333333333334,
								0.5733333333333334,
								0.5666666666666667,
								0.8322222222222222,
								0.45,
								0.8344444444444444,
								0.30666666666666664,
								0.7522222222222222,
								0.33555555555555555,
								0.31666666666666665
							]
						},
						"useCollisionPoly": true,
						"duration": 1,
						"tag": ""
					},
					{
						"width": 900,
						"height": 900,
						"originX": 0.5,
						"originY": 0.5,
						"originalSource": "",
						"exportFormat": "lossless",
						"exportQuality": 0.8,
						"imageSpriteId": 9171128,
						"collisionPoly": {
							"points": [
								0.4766666666666667,
								0.2511111111111111,
								0.5177777777777778,
								0.2511111111111111,
								0.6855555555555556,
								0.3388888888888889,
								0.7044444444444444,
								0.39444444444444443,
								0.6244444444444445,
								0.7944444444444444,
								0.5611111111111111,
								0.8177777777777778,
								0.4633333333333333,
								0.8266666666666667,
								0.3488888888888889,
								0.7722222222222223,
								0.28444444444444444,
								0.4166666666666667,
								0.3322222222222222,
								0.30444444444444446
							]
						},
						"useCollisionPoly": true,
						"duration": 1,
						"tag": ""
					},
					{
						"width": 900,
						"height": 900,
						"originX": 0.5,
						"originY": 0.5,
						"originalSource": "",
						"exportFormat": "lossless",
						"exportQuality": 0.8,
						"imageSpriteId": 1118713,
						"collisionPoly": {
							"points": [
								0.4688888888888889,
								0.24,
								0.67,
								0.3422222222222222,
								0.68,
								0.3811111111111111,
								0.6766666666666666,
								0.5377777777777778,
								0.6266666666666667,
								0.7777777777777778,
								0.5433333333333333,
								0.8122222222222222,
								0.46,
								0.82,
								0.38,
								0.7922222222222223,
								0.2644444444444444,
								0.39,
								0.33555555555555555,
								0.2777777777777778
							]
						},
						"useCollisionPoly": true,
						"duration": 1,
						"tag": ""
					},
					{
						"width": 900,
						"height": 900,
						"originX": 0.5,
						"originY": 0.5,
						"originalSource": "",
						"exportFormat": "lossless",
						"exportQuality": 0.8,
						"imageSpriteId": 6198797,
						"collisionPoly": {
							"points": [
								0.4622222222222222,
								0.23,
								0.6,
								0.2677777777777778,
								0.6644444444444444,
								0.5055555555555555,
								0.6288888888888889,
								0.7611111111111111,
								0.5611111111111111,
								0.7966666666666666,
								0.44333333333333336,
								0.81,
								0.38222222222222224,
								0.7855555555555556,
								0.2411111111111111,
								0.39111111111111113,
								0.28888888888888886,
								0.2922222222222222
							]
						},
						"useCollisionPoly": true,
						"duration": 1,
						"tag": ""
					},
					{
						"width": 900,
						"height": 900,
						"originX": 0.5,
						"originY": 0.5,
						"originalSource": "",
						"exportFormat": "lossless",
						"exportQuality": 0.8,
						"imageSpriteId": 9528642,
						"collisionPoly": {
							"points": [
								0.4888888888888889,
								0.2411111111111111,
								0.62,
								0.29444444444444445,
								0.6511111111111111,
								0.3488888888888889,
								0.6677777777777778,
								0.5211111111111111,
								0.6266666666666667,
								0.7766666666666666,
								0.5455555555555556,
								0.8111111111111111,
								0.44,
								0.8144444444444444,
								0.38,
								0.7911111111111111,
								0.24222222222222223,
								0.42,
								0.29555555555555557,
								0.3
							]
						},
						"useCollisionPoly": true,
						"duration": 1,
						"tag": ""
					},
					{
						"width": 900,
						"height": 900,
						"originX": 0.5,
						"originY": 0.5,
						"originalSource": "",
						"exportFormat": "lossless",
						"exportQuality": 0.8,
						"imageSpriteId": 2419342,
						"collisionPoly": {
							"points": [
								0.47888888888888886,
								0.25,
								0.6488888888888888,
								0.31222222222222223,
								0.6822222222222222,
								0.39,
								0.6811111111111111,
								0.5433333333333333,
								0.6255555555555555,
								0.7933333333333333,
								0.5622222222222222,
								0.8166666666666667,
								0.47,
								0.8266666666666667,
								0.3522222222222222,
								0.7744444444444445,
								0.2644444444444444,
								0.4211111111111111,
								0.31555555555555553,
								0.3055555555555556
							]
						},
						"useCollisionPoly": true,
						"duration": 1,
						"tag": ""
					},
					{
						"width": 900,
						"height": 900,
						"originX": 0.5,
						"originY": 0.5,
						"originalSource": "",
						"exportFormat": "lossless",
						"exportQuality": 0.8,
						"imageSpriteId": 970241,
						"collisionPoly": {
							"points": [
								0.4911111111111111,
								0.2611111111111111,
								0.6733333333333333,
								0.3277777777777778,
								0.7077777777777777,
								0.43444444444444447,
								0.6233333333333333,
								0.8088888888888889,
								0.5677777777777778,
								0.8311111111111111,
								0.45,
								0.8344444444444444,
								0.3088888888888889,
								0.7533333333333333,
								0.2866666666666667,
								0.43333333333333335,
								0.3466666666666667,
								0.30444444444444446,
								0.3877777777777778,
								0.2811111111111111
							]
						},
						"useCollisionPoly": true,
						"duration": 1,
						"tag": ""
					}
				],
				"sid": 957075454182989,
				"name": "run",
				"isLooping": false,
				"isPingPong": false,
				"repeatCount": 1,
				"repeatTo": 0,
				"speed": 5
			}
		],
		"subfolders": []
	}
}