{
	"name": "Jogador",
	"plugin-id": "Sprite",
	"sid": 658012730751031,
	"isGlobal": false,
	"instanceVariables": [
		{
			"name": "Direção",
			"type": "string",
			"desc": "",
			"show": true,
			"sid": 219162980736727
		}
	],
	"behaviorTypes": [
		{
			"behaviorId": "Platform",
			"name": "Plataforma",
			"sid": 891195787995572
		},
		{
			"behaviorId": "scrollto",
			"name": "CentrarEm",
			"sid": 226172459304098
		},
		{
			"behaviorId": "bound",
			"name": "RestritoAoLayout",
			"sid": 620898823531849
		}
	],
	"effectTypes": [],
	"animations": {
		"items": [
			{
				"frames": [
					{
						"width": 900,
						"height": 900,
						"originX": 0.5,
						"originY": 1,
						"originalSource": "",
						"exportFormat": "lossless",
						"exportQuality": 0.8,
						"imageSpriteId": 3508897,
						"collisionPoly": {
							"points": [
								0.30444444444444446,
								0.25555555555555554,
								0.6688888888888889,
								0.24888888888888883,
								0.6155555555555555,
								0.82,
								0.3888888888888889,
								0.82
							]
						},
						"useCollisionPoly": true,
						"duration": 1,
						"tag": ""
					},
					{
						"width": 900,
						"height": 900,
						"originX": 0.5,
						"originY": 1,
						"originalSource": "",
						"exportFormat": "lossless",
						"exportQuality": 0.8,
						"imageSpriteId": 6087476,
						"collisionPoly": {
							"points": [
								0.30444444444444446,
								0.25555555555555554,
								0.6688888888888889,
								0.24888888888888883,
								0.6155555555555555,
								0.82,
								0.3888888888888889,
								0.82
							]
						},
						"useCollisionPoly": true,
						"duration": 1,
						"tag": ""
					},
					{
						"width": 900,
						"height": 900,
						"originX": 0.5,
						"originY": 1,
						"originalSource": "",
						"exportFormat": "lossless",
						"exportQuality": 0.8,
						"imageSpriteId": 2857854,
						"collisionPoly": {
							"points": [
								0.30444444444444446,
								0.25555555555555554,
								0.6688888888888889,
								0.24888888888888883,
								0.6155555555555555,
								0.82,
								0.3888888888888889,
								0.82
							]
						},
						"useCollisionPoly": true,
						"duration": 1,
						"tag": ""
					},
					{
						"width": 900,
						"height": 900,
						"originX": 0.5,
						"originY": 1,
						"originalSource": "",
						"exportFormat": "lossless",
						"exportQuality": 0.8,
						"imageSpriteId": 8204694,
						"collisionPoly": {
							"points": [
								0.30444444444444446,
								0.25555555555555554,
								0.6688888888888889,
								0.24888888888888883,
								0.6155555555555555,
								0.82,
								0.3888888888888889,
								0.82
							]
						},
						"useCollisionPoly": true,
						"duration": 1,
						"tag": ""
					},
					{
						"width": 900,
						"height": 900,
						"originX": 0.5,
						"originY": 1,
						"originalSource": "",
						"exportFormat": "lossless",
						"exportQuality": 0.8,
						"imageSpriteId": 3059827,
						"collisionPoly": {
							"points": [
								0.30444444444444446,
								0.25555555555555554,
								0.6688888888888889,
								0.24888888888888883,
								0.6155555555555555,
								0.82,
								0.3888888888888889,
								0.82
							]
						},
						"useCollisionPoly": true,
						"duration": 1,
						"tag": ""
					},
					{
						"width": 900,
						"height": 900,
						"originX": 0.5,
						"originY": 1,
						"originalSource": "",
						"exportFormat": "lossless",
						"exportQuality": 0.8,
						"imageSpriteId": 5970234,
						"collisionPoly": {
							"points": [
								0.30444444444444446,
								0.25555555555555554,
								0.6688888888888889,
								0.24888888888888883,
								0.6155555555555555,
								0.82,
								0.3888888888888889,
								0.82
							]
						},
						"useCollisionPoly": true,
						"duration": 1,
						"tag": ""
					},
					{
						"width": 900,
						"height": 900,
						"originX": 0.5,
						"originY": 1,
						"originalSource": "",
						"exportFormat": "lossless",
						"exportQuality": 0.8,
						"imageSpriteId": 7156523,
						"collisionPoly": {
							"points": [
								0.30444444444444446,
								0.25555555555555554,
								0.6688888888888889,
								0.24888888888888883,
								0.6155555555555555,
								0.82,
								0.3888888888888889,
								0.82
							]
						},
						"useCollisionPoly": true,
						"duration": 1,
						"tag": ""
					},
					{
						"width": 900,
						"height": 900,
						"originX": 0.5,
						"originY": 1,
						"originalSource": "",
						"exportFormat": "lossless",
						"exportQuality": 0.8,
						"imageSpriteId": 375957,
						"collisionPoly": {
							"points": [
								0.30444444444444446,
								0.25555555555555554,
								0.6688888888888889,
								0.24888888888888883,
								0.6155555555555555,
								0.82,
								0.3888888888888889,
								0.82
							]
						},
						"useCollisionPoly": true,
						"duration": 1,
						"tag": ""
					},
					{
						"width": 900,
						"height": 900,
						"originX": 0.5,
						"originY": 1,
						"originalSource": "",
						"exportFormat": "lossless",
						"exportQuality": 0.8,
						"imageSpriteId": 144692,
						"collisionPoly": {
							"points": [
								0.30444444444444446,
								0.25555555555555554,
								0.6688888888888889,
								0.24888888888888883,
								0.6155555555555555,
								0.82,
								0.3888888888888889,
								0.82
							]
						},
						"useCollisionPoly": true,
						"duration": 1,
						"tag": ""
					},
					{
						"width": 900,
						"height": 900,
						"originX": 0.5,
						"originY": 1,
						"originalSource": "",
						"exportFormat": "lossless",
						"exportQuality": 0.8,
						"imageSpriteId": 7652294,
						"collisionPoly": {
							"points": [
								0.30444444444444446,
								0.25555555555555554,
								0.6688888888888889,
								0.24888888888888883,
								0.6155555555555555,
								0.82,
								0.3888888888888889,
								0.82
							]
						},
						"useCollisionPoly": true,
						"duration": 1,
						"tag": ""
					},
					{
						"width": 900,
						"height": 900,
						"originX": 0.5,
						"originY": 1,
						"originalSource": "",
						"exportFormat": "lossless",
						"exportQuality": 0.8,
						"imageSpriteId": 723979,
						"collisionPoly": {
							"points": [
								0.30444444444444446,
								0.25555555555555554,
								0.6688888888888889,
								0.24888888888888883,
								0.6155555555555555,
								0.82,
								0.3888888888888889,
								0.82
							]
						},
						"useCollisionPoly": true,
						"duration": 1,
						"tag": ""
					},
					{
						"width": 900,
						"height": 900,
						"originX": 0.5,
						"originY": 1,
						"originalSource": "",
						"exportFormat": "lossless",
						"exportQuality": 0.8,
						"imageSpriteId": 9300061,
						"collisionPoly": {
							"points": [
								0.30444444444444446,
								0.25555555555555554,
								0.6688888888888889,
								0.24888888888888883,
								0.6155555555555555,
								0.82,
								0.3888888888888889,
								0.82
							]
						},
						"useCollisionPoly": true,
						"duration": 1,
						"tag": ""
					},
					{
						"width": 900,
						"height": 900,
						"originX": 0.5,
						"originY": 1,
						"originalSource": "",
						"exportFormat": "lossless",
						"exportQuality": 0.8,
						"imageSpriteId": 510070,
						"collisionPoly": {
							"points": [
								0.30444444444444446,
								0.25555555555555554,
								0.6688888888888889,
								0.24888888888888883,
								0.6155555555555555,
								0.82,
								0.3888888888888889,
								0.82
							]
						},
						"useCollisionPoly": true,
						"duration": 1,
						"tag": ""
					},
					{
						"width": 900,
						"height": 900,
						"originX": 0.5,
						"originY": 1,
						"originalSource": "",
						"exportFormat": "lossless",
						"exportQuality": 0.8,
						"imageSpriteId": 7663001,
						"collisionPoly": {
							"points": [
								0.30444444444444446,
								0.25555555555555554,
								0.6688888888888889,
								0.24888888888888883,
								0.6155555555555555,
								0.82,
								0.3888888888888889,
								0.82
							]
						},
						"useCollisionPoly": true,
						"duration": 1,
						"tag": ""
					},
					{
						"width": 900,
						"height": 900,
						"originX": 0.5,
						"originY": 1,
						"originalSource": "",
						"exportFormat": "lossless",
						"exportQuality": 0.8,
						"imageSpriteId": 8505309,
						"collisionPoly": {
							"points": [
								0.30444444444444446,
								0.25555555555555554,
								0.6688888888888889,
								0.24888888888888883,
								0.6155555555555555,
								0.82,
								0.3888888888888889,
								0.82
							]
						},
						"useCollisionPoly": true,
						"duration": 1,
						"tag": ""
					},
					{
						"width": 900,
						"height": 900,
						"originX": 0.5,
						"originY": 1,
						"originalSource": "",
						"exportFormat": "lossless",
						"exportQuality": 0.8,
						"imageSpriteId": 8488784,
						"collisionPoly": {
							"points": [
								0.30444444444444446,
								0.25555555555555554,
								0.6688888888888889,
								0.24888888888888883,
								0.6155555555555555,
								0.82,
								0.3888888888888889,
								0.82
							]
						},
						"useCollisionPoly": true,
						"duration": 1,
						"tag": ""
					},
					{
						"width": 900,
						"height": 900,
						"originX": 0.5,
						"originY": 1,
						"originalSource": "",
						"exportFormat": "lossless",
						"exportQuality": 0.8,
						"imageSpriteId": 9621930,
						"collisionPoly": {
							"points": [
								0.30444444444444446,
								0.25555555555555554,
								0.6688888888888889,
								0.24888888888888883,
								0.6155555555555555,
								0.82,
								0.3888888888888889,
								0.82
							]
						},
						"useCollisionPoly": true,
						"duration": 1,
						"tag": ""
					},
					{
						"width": 900,
						"height": 900,
						"originX": 0.5,
						"originY": 1,
						"originalSource": "",
						"exportFormat": "lossless",
						"exportQuality": 0.8,
						"imageSpriteId": 8545325,
						"collisionPoly": {
							"points": [
								0.30444444444444446,
								0.25555555555555554,
								0.6688888888888889,
								0.24888888888888883,
								0.6155555555555555,
								0.82,
								0.3888888888888889,
								0.82
							]
						},
						"useCollisionPoly": true,
						"duration": 1,
						"tag": ""
					},
					{
						"width": 900,
						"height": 900,
						"originX": 0.5,
						"originY": 1,
						"originalSource": "",
						"exportFormat": "lossless",
						"exportQuality": 0.8,
						"imageSpriteId": 5520150,
						"collisionPoly": {
							"points": [
								0.30444444444444446,
								0.25555555555555554,
								0.6688888888888889,
								0.24888888888888883,
								0.6155555555555555,
								0.82,
								0.3888888888888889,
								0.82
							]
						},
						"useCollisionPoly": true,
						"duration": 1,
						"tag": ""
					}
				],
				"sid": 480926605922398,
				"name": "Correndo",
				"isLooping": true,
				"isPingPong": false,
				"repeatCount": 1,
				"repeatTo": 0,
				"speed": 60
			},
			{
				"frames": [
					{
						"width": 900,
						"height": 900,
						"originX": 0.5,
						"originY": 1,
						"originalSource": "",
						"exportFormat": "lossless",
						"exportQuality": 0.8,
						"imageSpriteId": 3413565,
						"collisionPoly": {
							"points": [
								0.30444444444444446,
								0.25555555555555554,
								0.6688888888888889,
								0.24888888888888883,
								0.6155555555555555,
								0.82,
								0.3888888888888889,
								0.82
							]
						},
						"useCollisionPoly": true,
						"duration": 1,
						"tag": ""
					},
					{
						"width": 900,
						"height": 900,
						"originX": 0.5,
						"originY": 1,
						"originalSource": "",
						"exportFormat": "lossless",
						"exportQuality": 0.8,
						"imageSpriteId": 3213121,
						"collisionPoly": {
							"points": [
								0.30444444444444446,
								0.25555555555555554,
								0.6688888888888889,
								0.24888888888888883,
								0.6155555555555555,
								0.82,
								0.3888888888888889,
								0.82
							]
						},
						"useCollisionPoly": true,
						"duration": 1,
						"tag": ""
					},
					{
						"width": 900,
						"height": 900,
						"originX": 0.5,
						"originY": 1,
						"originalSource": "",
						"exportFormat": "lossless",
						"exportQuality": 0.8,
						"imageSpriteId": 2008109,
						"collisionPoly": {
							"points": [
								0.30444444444444446,
								0.25555555555555554,
								0.6688888888888889,
								0.24888888888888883,
								0.6155555555555555,
								0.82,
								0.3888888888888889,
								0.82
							]
						},
						"useCollisionPoly": true,
						"duration": 1,
						"tag": ""
					},
					{
						"width": 900,
						"height": 900,
						"originX": 0.5,
						"originY": 1,
						"originalSource": "",
						"exportFormat": "lossless",
						"exportQuality": 0.8,
						"imageSpriteId": 8226856,
						"collisionPoly": {
							"points": [
								0.30444444444444446,
								0.25555555555555554,
								0.6688888888888889,
								0.24888888888888883,
								0.6155555555555555,
								0.82,
								0.3888888888888889,
								0.82
							]
						},
						"useCollisionPoly": true,
						"duration": 1,
						"tag": ""
					},
					{
						"width": 900,
						"height": 900,
						"originX": 0.5,
						"originY": 1,
						"originalSource": "",
						"exportFormat": "lossless",
						"exportQuality": 0.8,
						"imageSpriteId": 3703107,
						"collisionPoly": {
							"points": [
								0.30444444444444446,
								0.25555555555555554,
								0.6688888888888889,
								0.24888888888888883,
								0.6155555555555555,
								0.82,
								0.3888888888888889,
								0.82
							]
						},
						"useCollisionPoly": true,
						"duration": 1,
						"tag": ""
					},
					{
						"width": 900,
						"height": 900,
						"originX": 0.5,
						"originY": 1,
						"originalSource": "",
						"exportFormat": "lossless",
						"exportQuality": 0.8,
						"imageSpriteId": 7784661,
						"collisionPoly": {
							"points": [
								0.30444444444444446,
								0.25555555555555554,
								0.6688888888888889,
								0.24888888888888883,
								0.6155555555555555,
								0.82,
								0.3888888888888889,
								0.82
							]
						},
						"useCollisionPoly": true,
						"duration": 1,
						"tag": ""
					},
					{
						"width": 900,
						"height": 900,
						"originX": 0.5,
						"originY": 1,
						"originalSource": "",
						"exportFormat": "lossless",
						"exportQuality": 0.8,
						"imageSpriteId": 4619385,
						"collisionPoly": {
							"points": [
								0.30444444444444446,
								0.25555555555555554,
								0.6688888888888889,
								0.24888888888888883,
								0.6155555555555555,
								0.82,
								0.3888888888888889,
								0.82
							]
						},
						"useCollisionPoly": true,
						"duration": 1,
						"tag": ""
					},
					{
						"width": 900,
						"height": 900,
						"originX": 0.5,
						"originY": 1,
						"originalSource": "",
						"exportFormat": "lossless",
						"exportQuality": 0.8,
						"imageSpriteId": 9400274,
						"collisionPoly": {
							"points": [
								0.30444444444444446,
								0.25555555555555554,
								0.6688888888888889,
								0.24888888888888883,
								0.6155555555555555,
								0.82,
								0.3888888888888889,
								0.82
							]
						},
						"useCollisionPoly": true,
						"duration": 1,
						"tag": ""
					},
					{
						"width": 900,
						"height": 900,
						"originX": 0.5,
						"originY": 1,
						"originalSource": "",
						"exportFormat": "lossless",
						"exportQuality": 0.8,
						"imageSpriteId": 5886185,
						"collisionPoly": {
							"points": [
								0.30444444444444446,
								0.25555555555555554,
								0.6688888888888889,
								0.24888888888888883,
								0.6155555555555555,
								0.82,
								0.3888888888888889,
								0.82
							]
						},
						"useCollisionPoly": true,
						"duration": 1,
						"tag": ""
					},
					{
						"width": 900,
						"height": 900,
						"originX": 0.5,
						"originY": 1,
						"originalSource": "",
						"exportFormat": "lossless",
						"exportQuality": 0.8,
						"imageSpriteId": 972638,
						"collisionPoly": {
							"points": [
								0.30444444444444446,
								0.25555555555555554,
								0.6688888888888889,
								0.24888888888888883,
								0.6155555555555555,
								0.82,
								0.3888888888888889,
								0.82
							]
						},
						"useCollisionPoly": true,
						"duration": 1,
						"tag": ""
					},
					{
						"width": 900,
						"height": 900,
						"originX": 0.5,
						"originY": 1,
						"originalSource": "",
						"exportFormat": "lossless",
						"exportQuality": 0.8,
						"imageSpriteId": 2332482,
						"collisionPoly": {
							"points": [
								0.30444444444444446,
								0.25555555555555554,
								0.6688888888888889,
								0.24888888888888883,
								0.6155555555555555,
								0.82,
								0.3888888888888889,
								0.82
							]
						},
						"useCollisionPoly": true,
						"duration": 1,
						"tag": ""
					},
					{
						"width": 900,
						"height": 900,
						"originX": 0.5,
						"originY": 1,
						"originalSource": "",
						"exportFormat": "lossless",
						"exportQuality": 0.8,
						"imageSpriteId": 8117915,
						"collisionPoly": {
							"points": [
								0.30444444444444446,
								0.25555555555555554,
								0.6688888888888889,
								0.24888888888888883,
								0.6155555555555555,
								0.82,
								0.3888888888888889,
								0.82
							]
						},
						"useCollisionPoly": true,
						"duration": 1,
						"tag": ""
					},
					{
						"width": 900,
						"height": 900,
						"originX": 0.5,
						"originY": 1,
						"originalSource": "",
						"exportFormat": "lossless",
						"exportQuality": 0.8,
						"imageSpriteId": 2481606,
						"collisionPoly": {
							"points": [
								0.30444444444444446,
								0.25555555555555554,
								0.6688888888888889,
								0.24888888888888883,
								0.6155555555555555,
								0.82,
								0.3888888888888889,
								0.82
							]
						},
						"useCollisionPoly": true,
						"duration": 1,
						"tag": ""
					},
					{
						"width": 900,
						"height": 900,
						"originX": 0.5,
						"originY": 1,
						"originalSource": "",
						"exportFormat": "lossless",
						"exportQuality": 0.8,
						"imageSpriteId": 3228003,
						"collisionPoly": {
							"points": [
								0.30444444444444446,
								0.25555555555555554,
								0.6688888888888889,
								0.24888888888888883,
								0.6155555555555555,
								0.82,
								0.3888888888888889,
								0.82
							]
						},
						"useCollisionPoly": true,
						"duration": 1,
						"tag": ""
					},
					{
						"width": 900,
						"height": 900,
						"originX": 0.5,
						"originY": 1,
						"originalSource": "",
						"exportFormat": "lossless",
						"exportQuality": 0.8,
						"imageSpriteId": 3667581,
						"collisionPoly": {
							"points": [
								0.30444444444444446,
								0.25555555555555554,
								0.6688888888888889,
								0.24888888888888883,
								0.6155555555555555,
								0.82,
								0.3888888888888889,
								0.82
							]
						},
						"useCollisionPoly": true,
						"duration": 1,
						"tag": ""
					},
					{
						"width": 900,
						"height": 900,
						"originX": 0.5,
						"originY": 1,
						"originalSource": "",
						"exportFormat": "lossless",
						"exportQuality": 0.8,
						"imageSpriteId": 5333069,
						"collisionPoly": {
							"points": [
								0.30444444444444446,
								0.25555555555555554,
								0.6688888888888889,
								0.24888888888888883,
								0.6155555555555555,
								0.82,
								0.3888888888888889,
								0.82
							]
						},
						"useCollisionPoly": true,
						"duration": 1,
						"tag": ""
					},
					{
						"width": 900,
						"height": 900,
						"originX": 0.5,
						"originY": 1,
						"originalSource": "",
						"exportFormat": "lossless",
						"exportQuality": 0.8,
						"imageSpriteId": 9282920,
						"collisionPoly": {
							"points": [
								0.30444444444444446,
								0.25555555555555554,
								0.6688888888888889,
								0.24888888888888883,
								0.6155555555555555,
								0.82,
								0.3888888888888889,
								0.82
							]
						},
						"useCollisionPoly": true,
						"duration": 1,
						"tag": ""
					}
				],
				"sid": 582215417240962,
				"name": "Parado",
				"isLooping": true,
				"isPingPong": false,
				"repeatCount": 1,
				"repeatTo": 0,
				"speed": 15
			},
			{
				"frames": [
					{
						"width": 900,
						"height": 900,
						"originX": 0.5,
						"originY": 1,
						"originalSource": "",
						"exportFormat": "lossless",
						"exportQuality": 0.8,
						"imageSpriteId": 7113830,
						"collisionPoly": {
							"points": [
								0.30444444444444446,
								0.25555555555555554,
								0.6688888888888889,
								0.24888888888888883,
								0.6155555555555555,
								0.82,
								0.3888888888888889,
								0.82
							]
						},
						"useCollisionPoly": true,
						"duration": 1,
						"tag": ""
					},
					{
						"width": 900,
						"height": 900,
						"originX": 0.5,
						"originY": 1,
						"originalSource": "",
						"exportFormat": "lossless",
						"exportQuality": 0.8,
						"imageSpriteId": 2321397,
						"collisionPoly": {
							"points": [
								0.30444444444444446,
								0.25555555555555554,
								0.6688888888888889,
								0.24888888888888883,
								0.6155555555555555,
								0.82,
								0.3888888888888889,
								0.82
							]
						},
						"useCollisionPoly": true,
						"duration": 1,
						"tag": ""
					},
					{
						"width": 900,
						"height": 900,
						"originX": 0.5,
						"originY": 1,
						"originalSource": "",
						"exportFormat": "lossless",
						"exportQuality": 0.8,
						"imageSpriteId": 5645257,
						"collisionPoly": {
							"points": [
								0.30444444444444446,
								0.25555555555555554,
								0.6688888888888889,
								0.24888888888888883,
								0.6155555555555555,
								0.82,
								0.3888888888888889,
								0.82
							]
						},
						"useCollisionPoly": true,
						"duration": 1,
						"tag": ""
					},
					{
						"width": 900,
						"height": 900,
						"originX": 0.5,
						"originY": 1,
						"originalSource": "",
						"exportFormat": "lossless",
						"exportQuality": 0.8,
						"imageSpriteId": 5325735,
						"collisionPoly": {
							"points": [
								0.30444444444444446,
								0.25555555555555554,
								0.6688888888888889,
								0.24888888888888883,
								0.6155555555555555,
								0.82,
								0.3888888888888889,
								0.82
							]
						},
						"useCollisionPoly": true,
						"duration": 1,
						"tag": ""
					},
					{
						"width": 900,
						"height": 900,
						"originX": 0.5,
						"originY": 1,
						"originalSource": "",
						"exportFormat": "lossless",
						"exportQuality": 0.8,
						"imageSpriteId": 9237820,
						"collisionPoly": {
							"points": [
								0.30444444444444446,
								0.25555555555555554,
								0.6688888888888889,
								0.24888888888888883,
								0.6155555555555555,
								0.82,
								0.3888888888888889,
								0.82
							]
						},
						"useCollisionPoly": true,
						"duration": 1,
						"tag": ""
					},
					{
						"width": 900,
						"height": 900,
						"originX": 0.5,
						"originY": 1,
						"originalSource": "",
						"exportFormat": "lossless",
						"exportQuality": 0.8,
						"imageSpriteId": 8964832,
						"collisionPoly": {
							"points": [
								0.30444444444444446,
								0.25555555555555554,
								0.6688888888888889,
								0.24888888888888883,
								0.6155555555555555,
								0.82,
								0.3888888888888889,
								0.82
							]
						},
						"useCollisionPoly": true,
						"duration": 1,
						"tag": ""
					}
				],
				"sid": 882419586786261,
				"name": "Pulo",
				"isLooping": false,
				"isPingPong": false,
				"repeatCount": 1,
				"repeatTo": 0,
				"speed": 20
			},
			{
				"frames": [
					{
						"width": 900,
						"height": 900,
						"originX": 0.5,
						"originY": 1,
						"originalSource": "",
						"exportFormat": "lossless",
						"exportQuality": 0.8,
						"imageSpriteId": 5883227,
						"collisionPoly": {
							"points": [
								0.30444444444444446,
								0.25555555555555554,
								0.6688888888888889,
								0.24888888888888883,
								0.6155555555555555,
								0.82,
								0.3888888888888889,
								0.82
							]
						},
						"useCollisionPoly": true,
						"duration": 1,
						"tag": ""
					},
					{
						"width": 900,
						"height": 900,
						"originX": 0.5,
						"originY": 1,
						"originalSource": "",
						"exportFormat": "lossless",
						"exportQuality": 0.8,
						"imageSpriteId": 5250141,
						"collisionPoly": {
							"points": [
								0.30444444444444446,
								0.25555555555555554,
								0.6688888888888889,
								0.24888888888888883,
								0.6155555555555555,
								0.82,
								0.3888888888888889,
								0.82
							]
						},
						"useCollisionPoly": true,
						"duration": 1,
						"tag": ""
					},
					{
						"width": 900,
						"height": 900,
						"originX": 0.5,
						"originY": 1,
						"originalSource": "",
						"exportFormat": "lossless",
						"exportQuality": 0.8,
						"imageSpriteId": 5593458,
						"collisionPoly": {
							"points": [
								0.30444444444444446,
								0.25555555555555554,
								0.6688888888888889,
								0.24888888888888883,
								0.6155555555555555,
								0.82,
								0.3888888888888889,
								0.82
							]
						},
						"useCollisionPoly": true,
						"duration": 1,
						"tag": ""
					},
					{
						"width": 900,
						"height": 900,
						"originX": 0.5,
						"originY": 1,
						"originalSource": "",
						"exportFormat": "lossless",
						"exportQuality": 0.8,
						"imageSpriteId": 9405778,
						"collisionPoly": {
							"points": [
								0.30444444444444446,
								0.25555555555555554,
								0.6688888888888889,
								0.24888888888888883,
								0.6155555555555555,
								0.82,
								0.3888888888888889,
								0.82
							]
						},
						"useCollisionPoly": true,
						"duration": 1,
						"tag": ""
					}
				],
				"sid": 944626196452947,
				"name": "Queda",
				"isLooping": false,
				"isPingPong": false,
				"repeatCount": 1,
				"repeatTo": 0,
				"speed": 20
			},
			{
				"frames": [
					{
						"width": 900,
						"height": 900,
						"originX": 0.5,
						"originY": 1,
						"originalSource": "",
						"exportFormat": "lossless",
						"exportQuality": 0.8,
						"imageSpriteId": 5548919,
						"collisionPoly": {
							"points": [
								0.30444444444444446,
								0.25555555555555554,
								0.6688888888888889,
								0.24888888888888883,
								0.6155555555555555,
								0.82,
								0.3888888888888889,
								0.82
							]
						},
						"useCollisionPoly": true,
						"duration": 1,
						"tag": ""
					}
				],
				"sid": 819571426910763,
				"name": "Queda final",
				"isLooping": false,
				"isPingPong": false,
				"repeatCount": 1,
				"repeatTo": 0,
				"speed": 10
			},
			{
				"frames": [
					{
						"width": 900,
						"height": 900,
						"originX": 0.5,
						"originY": 1,
						"originalSource": "",
						"exportFormat": "lossless",
						"exportQuality": 0.8,
						"imageSpriteId": 9517844,
						"collisionPoly": {
							"points": [
								0.30444444444444446,
								0.25555555555555554,
								0.6688888888888889,
								0.24888888888888883,
								0.6155555555555555,
								0.82,
								0.3888888888888889,
								0.82
							]
						},
						"useCollisionPoly": true,
						"duration": 1,
						"tag": ""
					},
					{
						"width": 900,
						"height": 900,
						"originX": 0.5,
						"originY": 1,
						"originalSource": "",
						"exportFormat": "lossless",
						"exportQuality": 0.8,
						"imageSpriteId": 5336664,
						"collisionPoly": {
							"points": [
								0.30444444444444446,
								0.25555555555555554,
								0.6688888888888889,
								0.24888888888888883,
								0.6155555555555555,
								0.82,
								0.3888888888888889,
								0.82
							]
						},
						"useCollisionPoly": true,
						"duration": 1,
						"tag": ""
					},
					{
						"width": 900,
						"height": 900,
						"originX": 0.5,
						"originY": 1,
						"originalSource": "",
						"exportFormat": "lossless",
						"exportQuality": 0.8,
						"imageSpriteId": 1189797,
						"collisionPoly": {
							"points": [
								0.30444444444444446,
								0.25555555555555554,
								0.6688888888888889,
								0.24888888888888883,
								0.6155555555555555,
								0.82,
								0.3888888888888889,
								0.82
							]
						},
						"useCollisionPoly": true,
						"duration": 1,
						"tag": ""
					},
					{
						"width": 900,
						"height": 900,
						"originX": 0.5,
						"originY": 1,
						"originalSource": "",
						"exportFormat": "lossless",
						"exportQuality": 0.8,
						"imageSpriteId": 7819897,
						"collisionPoly": {
							"points": [
								0.30444444444444446,
								0.25555555555555554,
								0.6688888888888889,
								0.24888888888888883,
								0.6155555555555555,
								0.82,
								0.3888888888888889,
								0.82
							]
						},
						"useCollisionPoly": true,
						"duration": 1,
						"tag": ""
					},
					{
						"width": 900,
						"height": 900,
						"originX": 0.5,
						"originY": 1,
						"originalSource": "",
						"exportFormat": "lossless",
						"exportQuality": 0.8,
						"imageSpriteId": 5631653,
						"collisionPoly": {
							"points": [
								0.30444444444444446,
								0.25555555555555554,
								0.6688888888888889,
								0.24888888888888883,
								0.6155555555555555,
								0.82,
								0.3888888888888889,
								0.82
							]
						},
						"useCollisionPoly": true,
						"duration": 1,
						"tag": ""
					}
				],
				"sid": 647882929362103,
				"name": "Deslizando",
				"isLooping": true,
				"isPingPong": false,
				"repeatCount": 1,
				"repeatTo": 0,
				"speed": 15
			},
			{
				"frames": [
					{
						"width": 900,
						"height": 900,
						"originX": 0.5,
						"originY": 1,
						"originalSource": "",
						"exportFormat": "lossless",
						"exportQuality": 0.8,
						"imageSpriteId": 9266540,
						"collisionPoly": {
							"points": [
								0.30444444444444446,
								0.25555555555555554,
								0.6688888888888889,
								0.24888888888888883,
								0.6155555555555555,
								0.82,
								0.3888888888888889,
								0.82
							]
						},
						"useCollisionPoly": true,
						"duration": 1,
						"tag": ""
					},
					{
						"width": 900,
						"height": 900,
						"originX": 0.5,
						"originY": 1,
						"originalSource": "",
						"exportFormat": "lossless",
						"exportQuality": 0.8,
						"imageSpriteId": 5657746,
						"collisionPoly": {
							"points": [
								0.30444444444444446,
								0.25555555555555554,
								0.6688888888888889,
								0.24888888888888883,
								0.6155555555555555,
								0.82,
								0.3888888888888889,
								0.82
							]
						},
						"useCollisionPoly": true,
						"duration": 1,
						"tag": ""
					},
					{
						"width": 900,
						"height": 900,
						"originX": 0.5,
						"originY": 1,
						"originalSource": "",
						"exportFormat": "lossless",
						"exportQuality": 0.8,
						"imageSpriteId": 6377085,
						"collisionPoly": {
							"points": [
								0.30444444444444446,
								0.25555555555555554,
								0.6688888888888889,
								0.24888888888888883,
								0.6155555555555555,
								0.82,
								0.3888888888888889,
								0.82
							]
						},
						"useCollisionPoly": true,
						"duration": 1,
						"tag": ""
					},
					{
						"width": 900,
						"height": 900,
						"originX": 0.5,
						"originY": 1,
						"originalSource": "",
						"exportFormat": "lossless",
						"exportQuality": 0.8,
						"imageSpriteId": 7425549,
						"collisionPoly": {
							"points": [
								0.30444444444444446,
								0.25555555555555554,
								0.6688888888888889,
								0.24888888888888883,
								0.6155555555555555,
								0.82,
								0.3888888888888889,
								0.82
							]
						},
						"useCollisionPoly": true,
						"duration": 1,
						"tag": ""
					},
					{
						"width": 900,
						"height": 900,
						"originX": 0.5,
						"originY": 1,
						"originalSource": "",
						"exportFormat": "lossless",
						"exportQuality": 0.8,
						"imageSpriteId": 7915704,
						"collisionPoly": {
							"points": [
								0.30444444444444446,
								0.25555555555555554,
								0.6688888888888889,
								0.24888888888888883,
								0.6155555555555555,
								0.82,
								0.3888888888888889,
								0.82
							]
						},
						"useCollisionPoly": true,
						"duration": 1,
						"tag": ""
					},
					{
						"width": 900,
						"height": 900,
						"originX": 0.5,
						"originY": 1,
						"originalSource": "",
						"exportFormat": "lossless",
						"exportQuality": 0.8,
						"imageSpriteId": 8222657,
						"collisionPoly": {
							"points": [
								0.30444444444444446,
								0.25555555555555554,
								0.6688888888888889,
								0.24888888888888883,
								0.6155555555555555,
								0.82,
								0.3888888888888889,
								0.82
							]
						},
						"useCollisionPoly": true,
						"duration": 1,
						"tag": ""
					},
					{
						"width": 900,
						"height": 900,
						"originX": 0.5,
						"originY": 1,
						"originalSource": "",
						"exportFormat": "lossless",
						"exportQuality": 0.8,
						"imageSpriteId": 920865,
						"collisionPoly": {
							"points": [
								0.30444444444444446,
								0.25555555555555554,
								0.6688888888888889,
								0.24888888888888883,
								0.6155555555555555,
								0.82,
								0.3888888888888889,
								0.82
							]
						},
						"useCollisionPoly": true,
						"duration": 1,
						"tag": ""
					},
					{
						"width": 900,
						"height": 900,
						"originX": 0.5,
						"originY": 1,
						"originalSource": "",
						"exportFormat": "lossless",
						"exportQuality": 0.8,
						"imageSpriteId": 2145644,
						"collisionPoly": {
							"points": [
								0.30444444444444446,
								0.25555555555555554,
								0.6688888888888889,
								0.24888888888888883,
								0.6155555555555555,
								0.82,
								0.3888888888888889,
								0.82
							]
						},
						"useCollisionPoly": true,
						"duration": 1,
						"tag": ""
					},
					{
						"width": 900,
						"height": 900,
						"originX": 0.5,
						"originY": 1,
						"originalSource": "",
						"exportFormat": "lossless",
						"exportQuality": 0.8,
						"imageSpriteId": 9512059,
						"collisionPoly": {
							"points": [
								0.30444444444444446,
								0.25555555555555554,
								0.6688888888888889,
								0.24888888888888883,
								0.6155555555555555,
								0.82,
								0.3888888888888889,
								0.82
							]
						},
						"useCollisionPoly": true,
						"duration": 1,
						"tag": ""
					},
					{
						"width": 900,
						"height": 900,
						"originX": 0.5,
						"originY": 1,
						"originalSource": "",
						"exportFormat": "lossless",
						"exportQuality": 0.8,
						"imageSpriteId": 5408501,
						"collisionPoly": {
							"points": [
								0.30444444444444446,
								0.25555555555555554,
								0.6688888888888889,
								0.24888888888888883,
								0.6155555555555555,
								0.82,
								0.3888888888888889,
								0.82
							]
						},
						"useCollisionPoly": true,
						"duration": 1,
						"tag": ""
					},
					{
						"width": 900,
						"height": 900,
						"originX": 0.5,
						"originY": 1,
						"originalSource": "",
						"exportFormat": "lossless",
						"exportQuality": 0.8,
						"imageSpriteId": 7949915,
						"collisionPoly": {
							"points": [
								0.30444444444444446,
								0.25555555555555554,
								0.6688888888888889,
								0.24888888888888883,
								0.6155555555555555,
								0.82,
								0.3888888888888889,
								0.82
							]
						},
						"useCollisionPoly": true,
						"duration": 1,
						"tag": ""
					},
					{
						"width": 900,
						"height": 900,
						"originX": 0.5,
						"originY": 1,
						"originalSource": "",
						"exportFormat": "lossless",
						"exportQuality": 0.8,
						"imageSpriteId": 2053300,
						"collisionPoly": {
							"points": [
								0.30444444444444446,
								0.25555555555555554,
								0.6688888888888889,
								0.24888888888888883,
								0.6155555555555555,
								0.82,
								0.3888888888888889,
								0.82
							]
						},
						"useCollisionPoly": true,
						"duration": 1,
						"tag": ""
					}
				],
				"sid": 152483214945744,
				"name": "Soco",
				"isLooping": true,
				"isPingPong": false,
				"repeatCount": 1,
				"repeatTo": 0,
				"speed": 15
			}
		],
		"subfolders": []
	}
}