{
	"name": "PLATAFORMASOLIDA3",
	"plugin-id": "Sprite",
	"sid": 263290671002499,
	"isGlobal": false,
	"instanceVariables": [],
	"behaviorTypes": [
		{
			"behaviorId": "solid",
			"name": "Sólido",
			"sid": 357728925645783
		}
	],
	"effectTypes": [],
	"animations": {
		"items": [
			{
				"frames": [
					{
						"width": 114,
						"height": 170,
						"originX": 6.245614035087719,
						"originY": 0.3058823529411765,
						"originalSource": "",
						"exportFormat": "lossless",
						"exportQuality": 0.8,
						"imageSpriteId": 8720290,
						"collisionPoly": {
							"points": [
								0.02046783625730994,
								0.0058823529411764705,
								0.953216374269006,
								0.01568627450980392,
								0.9093567251461991,
								0.09999999999999998,
								0.049707602339181284,
								0.0823529411764706
							]
						},
						"useCollisionPoly": true,
						"duration": 1,
						"tag": ""
					}
				],
				"sid": 146483135925424,
				"name": "Default",
				"isLooping": false,
				"isPingPong": false,
				"repeatCount": 1,
				"repeatTo": 0,
				"speed": 5
			}
		],
		"subfolders": []
	}
}