{
	"name": "PLATAFORMASOLIDA",
	"plugin-id": "Sprite",
	"sid": 196619616727976,
	"isGlobal": false,
	"instanceVariables": [],
	"behaviorTypes": [
		{
			"behaviorId": "solid",
			"name": "Sólido",
			"sid": 211947817612714
		}
	],
	"effectTypes": [],
	"animations": {
		"items": [
			{
				"frames": [
					{
						"width": 223,
						"height": 57,
						"originX": 0.5829596412556054,
						"originY": -0.9122807017543859,
						"originalSource": "",
						"exportFormat": "lossless",
						"exportQuality": 0.8,
						"imageSpriteId": 3586913,
						"collisionPoly": {
							"points": [
								0,
								0,
								1,
								0,
								0.9719730941704037,
								0.2587719298245613,
								0.017937219730941707,
								0.22368421052631587
							]
						},
						"useCollisionPoly": true,
						"duration": 1,
						"tag": ""
					}
				],
				"sid": 866322953754295,
				"name": "Default",
				"isLooping": false,
				"isPingPong": false,
				"repeatCount": 1,
				"repeatTo": 0,
				"speed": 5
			}
		],
		"subfolders": []
	}
}