{
	"name": "PLATAFORMASOLIDA11",
	"plugin-id": "Sprite",
	"sid": 562940277019891,
	"isGlobal": false,
	"instanceVariables": [],
	"behaviorTypes": [
		{
			"behaviorId": "solid",
			"name": "Sólido",
			"sid": 566447683154614
		}
	],
	"effectTypes": [],
	"animations": {
		"items": [
			{
				"frames": [
					{
						"width": 167,
						"height": 114,
						"originX": -4.485029940119761,
						"originY": -0.02631578947368421,
						"originalSource": "",
						"exportFormat": "lossless",
						"exportQuality": 0.8,
						"imageSpriteId": 5668961,
						"collisionPoly": {
							"points": [
								0.9952095808383233,
								0.5210526315789474,
								0.9940119760479043,
								0.6421052631578945,
								0.6035928143712576,
								0.5736842105263154,
								0.6586826347305388,
								0.5140350877192978
							]
						},
						"useCollisionPoly": true,
						"duration": 1,
						"tag": ""
					}
				],
				"sid": 661313531175247,
				"name": "Default",
				"isLooping": false,
				"isPingPong": false,
				"repeatCount": 1,
				"repeatTo": 0,
				"speed": 5
			}
		],
		"subfolders": []
	}
}