{
	"name": "PLATAFORMASOLIDA5",
	"plugin-id": "Sprite",
	"sid": 952764480660297,
	"isGlobal": false,
	"instanceVariables": [],
	"behaviorTypes": [
		{
			"behaviorId": "solid",
			"name": "Sólido",
			"sid": 778268569593520
		}
	],
	"effectTypes": [],
	"animations": {
		"items": [
			{
				"frames": [
					{
						"width": 54,
						"height": 53,
						"originX": 8.37037037037037,
						"originY": 1.9433962264150944,
						"originalSource": "",
						"exportFormat": "lossless",
						"exportQuality": 0.8,
						"imageSpriteId": 885758,
						"collisionPoly": {
							"points": [
								0,
								0,
								1,
								0,
								0.9191919191919192,
								0.32418524871355053,
								0.08249158249158248,
								0.2847341337907376
							]
						},
						"useCollisionPoly": true,
						"duration": 1,
						"tag": ""
					}
				],
				"sid": 794487659996582,
				"name": "Default",
				"isLooping": false,
				"isPingPong": false,
				"repeatCount": 1,
				"repeatTo": 0,
				"speed": 5
			}
		],
		"subfolders": []
	}
}