{
	"name": "PLATAFORMASOLIDA9",
	"plugin-id": "Sprite",
	"sid": 528471187466935,
	"isGlobal": true,
	"instanceVariables": [],
	"behaviorTypes": [
		{
			"behaviorId": "solid",
			"name": "Sólido",
			"sid": 478227784962986
		}
	],
	"effectTypes": [],
	"animations": {
		"items": [
			{
				"frames": [
					{
						"width": 276,
						"height": 113,
						"originX": 0.48188405797101447,
						"originY": -0.04424778761061947,
						"originalSource": "",
						"exportFormat": "lossless",
						"exportQuality": 0.8,
						"imageSpriteId": 3202069,
						"collisionPoly": {
							"points": [
								0.795893719806763,
								0.017699115044247787,
								0.9927536231884059,
								0.032448377581120944,
								0.7971014492753624,
								0.05309734513274335,
								0.5990338164251209,
								0.4955752212389377
							]
						},
						"useCollisionPoly": true,
						"duration": 1,
						"tag": ""
					}
				],
				"sid": 108552401094040,
				"name": "Default",
				"isLooping": false,
				"isPingPong": false,
				"repeatCount": 1,
				"repeatTo": 0,
				"speed": 5
			}
		],
		"subfolders": []
	}
}