{
	"name": "PLATAFORMASOLIDA6",
	"plugin-id": "Sprite",
	"sid": 723666879169392,
	"isGlobal": false,
	"instanceVariables": [],
	"behaviorTypes": [
		{
			"behaviorId": "solid",
			"name": "Sólido",
			"sid": 151174860080973
		}
	],
	"effectTypes": [],
	"animations": {
		"items": [
			{
				"frames": [
					{
						"width": 167,
						"height": 114,
						"originX": -4.485029940119761,
						"originY": -0.02631578947368421,
						"originalSource": "",
						"exportFormat": "lossless",
						"exportQuality": 0.8,
						"imageSpriteId": 2739981,
						"collisionPoly": {
							"points": [
								0.3281437125748503,
								0.028070175438596495,
								0.022754491017964073,
								0.0210526315789472,
								0.6035928143712576,
								0.5736842105263154,
								0.6586826347305388,
								0.5140350877192978
							]
						},
						"useCollisionPoly": true,
						"duration": 1,
						"tag": ""
					}
				],
				"sid": 419680071283837,
				"name": "Default",
				"isLooping": false,
				"isPingPong": false,
				"repeatCount": 1,
				"repeatTo": 0,
				"speed": 5
			}
		],
		"subfolders": []
	}
}