{
	"name": "PLATAFORMASOLIDA8",
	"plugin-id": "Sprite",
	"sid": 736826834946284,
	"isGlobal": true,
	"instanceVariables": [],
	"behaviorTypes": [
		{
			"behaviorId": "solid",
			"name": "Sólido",
			"sid": 855577331530367
		}
	],
	"effectTypes": [],
	"animations": {
		"items": [
			{
				"frames": [
					{
						"width": 276,
						"height": 113,
						"originX": 0.48188405797101447,
						"originY": -0.04424778761061947,
						"originalSource": "",
						"exportFormat": "lossless",
						"exportQuality": 0.8,
						"imageSpriteId": 3181808,
						"collisionPoly": {
							"points": [
								0.9251207729468598,
								0.528023598820059,
								0.00966183574879227,
								0.528023598820059,
								0.3913043478260869,
								0.5044247787610618,
								0.6086956521739133,
								0.49262536873156315
							]
						},
						"useCollisionPoly": true,
						"duration": 1,
						"tag": ""
					}
				],
				"sid": 461206207043780,
				"name": "Default",
				"isLooping": false,
				"isPingPong": false,
				"repeatCount": 1,
				"repeatTo": 0,
				"speed": 5
			}
		],
		"subfolders": []
	}
}