{
	"name": "PLATAFORMASOLIDA2",
	"plugin-id": "Sprite",
	"sid": 576468457040977,
	"isGlobal": false,
	"instanceVariables": [],
	"behaviorTypes": [
		{
			"behaviorId": "solid",
			"name": "Sólido",
			"sid": 736296257317724
		}
	],
	"effectTypes": [],
	"animations": {
		"items": [
			{
				"frames": [
					{
						"width": 112,
						"height": 277,
						"originX": 2.375,
						"originY": 0.4368231046931408,
						"originalSource": "",
						"exportFormat": "lossless",
						"exportQuality": 0.8,
						"imageSpriteId": 7156149,
						"collisionPoly": {
							"points": [
								0,
								0,
								1,
								0,
								0.9196428571428571,
								0.05234657039711202,
								0.02678571428571431,
								0.050541516245487285
							]
						},
						"useCollisionPoly": true,
						"duration": 1,
						"tag": ""
					}
				],
				"sid": 516747794008653,
				"name": "Default",
				"isLooping": false,
				"isPingPong": false,
				"repeatCount": 1,
				"repeatTo": 0,
				"speed": 5
			}
		],
		"subfolders": []
	}
}