{
	"name": "PLATAFORMASOLIDA7",
	"plugin-id": "Sprite",
	"sid": 130261656281521,
	"isGlobal": false,
	"instanceVariables": [],
	"behaviorTypes": [
		{
			"behaviorId": "solid",
			"name": "Sólido",
			"sid": 820393022787534
		}
	],
	"effectTypes": [],
	"animations": {
		"items": [
			{
				"frames": [
					{
						"width": 169,
						"height": 114,
						"originX": 5.372781065088757,
						"originY": -0.05263157894736842,
						"originalSource": "",
						"exportFormat": "lossless",
						"exportQuality": 0.8,
						"imageSpriteId": 5560116,
						"collisionPoly": {
							"points": [
								0.6863905325443788,
								0,
								1,
								0,
								0.6769230769230768,
								0.775438596491228,
								0,
								1
							]
						},
						"useCollisionPoly": true,
						"duration": 1,
						"tag": ""
					}
				],
				"sid": 550966364083095,
				"name": "Default",
				"isLooping": false,
				"isPingPong": false,
				"repeatCount": 1,
				"repeatTo": 0,
				"speed": 5
			}
		],
		"subfolders": []
	}
}