{
	"name": "PLATAFORMASOLIDA10",
	"plugin-id": "Sprite",
	"sid": 659277568502405,
	"isGlobal": true,
	"instanceVariables": [],
	"behaviorTypes": [
		{
			"behaviorId": "solid",
			"name": "Sólido",
			"sid": 702608125458819
		}
	],
	"effectTypes": [],
	"animations": {
		"items": [
			{
				"frames": [
					{
						"width": 276,
						"height": 113,
						"originX": 0.48188405797101447,
						"originY": -0.04424778761061947,
						"originalSource": "",
						"exportFormat": "lossless",
						"exportQuality": 0.8,
						"imageSpriteId": 7440627,
						"collisionPoly": {
							"points": [
								0.1859903381642511,
								0.1327433628318584,
								0,
								0.017699115044247787,
								0.20048309178743964,
								0.05604719764011773,
								0.4118357487922708,
								0.5309734513274333
							]
						},
						"useCollisionPoly": true,
						"duration": 1,
						"tag": ""
					}
				],
				"sid": 220645987497823,
				"name": "Default",
				"isLooping": false,
				"isPingPong": false,
				"repeatCount": 1,
				"repeatTo": 0,
				"speed": 5
			}
		],
		"subfolders": []
	}
}