{
	"name": "Sprite2",
	"plugin-id": "Sprite",
	"sid": 627418699861363,
	"isGlobal": false,
	"instanceVariables": [],
	"behaviorTypes": [],
	"effectTypes": [],
	"animations": {
		"items": [
			{
				"frames": [
					{
						"width": 1920,
						"height": 1080,
						"originX": 0.5,
						"originY": 0.5,
						"originalSource": "",
						"exportFormat": "lossless",
						"exportQuality": 0.8,
						"imageSpriteId": 4373899,
						"collisionPoly": {
							"points": [
								0.0140625,
								0.18703703703703703,
								0.984375,
								0.18703703703703703,
								0.9859375,
								0.7416666666666667,
								0.0140625,
								0.7416666666666667
							]
						},
						"useCollisionPoly": true,
						"duration": 1,
						"tag": ""
					}
				],
				"sid": 159047780514770,
				"name": "Animation 1",
				"isLooping": false,
				"isPingPong": false,
				"repeatCount": 1,
				"repeatTo": 0,
				"speed": 5
			}
		],
		"subfolders": []
	}
}