{
	"name": "Sprite",
	"plugin-id": "Sprite",
	"sid": 663391817245463,
	"isGlobal": false,
	"instanceVariables": [],
	"behaviorTypes": [],
	"effectTypes": [],
	"animations": {
		"items": [
			{
				"frames": [
					{
						"width": 1334,
						"height": 750,
						"originX": 0.5,
						"originY": 0.5,
						"originalSource": "",
						"exportFormat": "lossless",
						"exportQuality": 0.8,
						"imageSpriteId": 6274834,
						"collisionPoly": {
							"points": [
								0.1469265367316342,
								0.504,
								0.8695652173913043,
								0.5373333333333333,
								1,
								0.6106666666666667,
								1,
								1,
								0,
								1,
								0,
								0.6106666666666667,
								0.09745127436281859,
								0.5213333333333333
							]
						},
						"useCollisionPoly": true,
						"duration": 1,
						"tag": ""
					}
				],
				"sid": 806958331375630,
				"name": "Animation 1",
				"isLooping": false,
				"isPingPong": false,
				"repeatCount": 1,
				"repeatTo": 0,
				"speed": 5
			}
		],
		"subfolders": []
	}
}