[["Jogador",{"animations":"{\"expanded\":true,\"subfolders\":[]}"}],["Sprite2",{"animations":"{\"expanded\":true,\"subfolders\":[]}"}],["PLATAFORMASOLIDA",{"animations":"{\"expanded\":true,\"subfolders\":[]}"}],["PLATAFORMASOLIDA3",{"animations":"{\"expanded\":true,\"subfolders\":[]}"}],["PLATAFORMASOLIDA2",{"animations":"{\"expanded\":true,\"subfolders\":[]}"}],["PLATAFORMASOLIDA5",{"animations":"{\"expanded\":true,\"subfolders\":[]}"}],["PLATAFORMASOLIDA6",{"animations":"{\"expanded\":true,\"subfolders\":[]}"}],["PLATAFORMASOLIDA7",{"animations":"{\"expanded\":true,\"subfolders\":[]}"}],["PLATAFORMASOLIDA8",{"animations":"{\"expanded\":true,\"subfolders\":[]}"}],["PLATAFORMASOLIDA10",{"animations":"{\"expanded\":true,\"subfolders\":[]}"}],["PLATAFORMASOLIDA4",{"animations":"{\"expanded\":true,\"subfolders\":[]}"}],["PLATAFORMASOLIDA9",{"animations":"{\"expanded\":true,\"subfolders\":[]}"}],["PLATAFORMASOLIDA11",{"animations":"{\"expanded\":true,\"subfolders\":[]}"}],["Sprite",{"animations":"{\"expanded\":true,\"subfolders\":[]}"}],["Inimigo",{"animations":"{\"expanded\":true,\"subfolders\":[]}"}],["Sprite3",{"animations":"{\"expanded\":true,\"subfolders\":[]}"}],["Sprite4",{"animations":"{\"expanded\":true,\"subfolders\":[]}"}],["Sprite5",{"animations":"{\"expanded\":true,\"subfolders\":[]}"}],["Sprite6",{"animations":"{\"expanded\":true,\"subfolders\":[]}"}],["Sprite7",{"animations":"{\"expanded\":true,\"subfolders\":[]}"}],["Sprite8",{"animations":"{\"expanded\":true,\"subfolders\":[]}"}],["Sprite9",{"animations":"{\"expanded\":true,\"subfolders\":[]}"}],["BackgroundGame",{"animations":"{\"expanded\":true,\"subfolders\":[]}"}],["Sprite10",{"animations":"{\"expanded\":true,\"subfolders\":[]}"}],["Sprite11",{"animations":"{\"expanded\":true,\"subfolders\":[]}"}],["PLATAFORMASOLIDABACK2",{"animations":"{\"expanded\":true,\"subfolders\":[]}"}],["Sprite12",{"animations":"{\"expanded\":true,\"subfolders\":[]}"}]]