{"propertiesBar":{"properties":[{"name":"Sobre","expanded":true,"children":[]},{"name":"Cores","expanded":true,"children":[]},{"name":"Iniciar","expanded":true,"children":[]},{"name":"Exibição","expanded":true,"children":[{"name":"Tamanho da tela","expanded":false,"children":[]}]},{"name":"Avançado","expanded":false,"children":[]},{"name":"Configurações de compatibilidade","expanded":false,"children":[]},{"name":"Editor","expanded":true,"children":[]}],"scrollPosition":0},"openTabs":{"active":{"name":"Layout 1","type":"layout"},"open":[{"name":"Layout 1","type":"layout"},{"name":"Folha de eventos 1","type":"eventSheet"},{"name":"Layout 2","type":"layout"},{"name":"Layout 3","type":"layout"}]},"previewEffects":true,"previewBrowser":"default","pauseOnUnfocus":false,"projectBar":{"name":"<root>","children":[{"name":"Test","expanded":true,"children":[{"name":"Layouts","expanded":true,"children":[{"name":"Layout 1","expanded":true,"children":[]},{"name":"Layout 2","expanded":true,"children":[]},{"name":"Layout 3","expanded":true,"children":[]}]},{"name":"Folha de eventos","expanded":true,"children":[{"name":"Folha de eventos 1","expanded":true,"children":[]}]},{"name":"Scripts","expanded":true,"children":[]},{"name":"Tipos de objeto","expanded":true,"children":[{"name":"BackgroundGame","expanded":true,"children":[]},{"name":"BackgroundGame2","expanded":true,"children":[]},{"name":"Inimigo","expanded":true,"children":[]},{"name":"Jogador","expanded":true,"children":[]},{"name":"PLATAFORMASOLIDA","expanded":true,"children":[]},{"name":"PLATAFORMASOLIDA10","expanded":true,"children":[]},{"name":"PLATAFORMASOLIDA11","expanded":true,"children":[]},{"name":"PLATAFORMASOLIDA2","expanded":true,"children":[]},{"name":"PLATAFORMASOLIDA3","expanded":true,"children":[]},{"name":"PLATAFORMASOLIDA4","expanded":true,"children":[]},{"name":"PLATAFORMASOLIDA5","expanded":true,"children":[]},{"name":"PLATAFORMASOLIDA6","expanded":true,"children":[]},{"name":"PLATAFORMASOLIDA7","expanded":true,"children":[]},{"name":"PLATAFORMASOLIDA8","expanded":true,"children":[]},{"name":"PLATAFORMASOLIDA9","expanded":true,"children":[]},{"name":"PLATAFORMASOLIDABACK","expanded":true,"children":[]},{"name":"PLATAFORMASOLIDABACK2","expanded":true,"children":[]},{"name":"Sprite","expanded":true,"children":[]},{"name":"Sprite10","expanded":true,"children":[]},{"name":"Sprite11","expanded":true,"children":[]},{"name":"Sprite12","expanded":true,"children":[]},{"name":"Sprite2","expanded":true,"children":[]},{"name":"Sprite3","expanded":true,"children":[]},{"name":"Sprite4","expanded":true,"children":[]},{"name":"Sprite5","expanded":true,"children":[]},{"name":"Sprite6","expanded":true,"children":[]},{"name":"Sprite7","expanded":true,"children":[]},{"name":"Sprite8","expanded":true,"children":[]},{"name":"Sprite9","expanded":true,"children":[]},{"name":"Teclado","expanded":true,"children":[]}]},{"name":"Famílias","expanded":true,"children":[]},{"name":"Linhas do tempo","expanded":true,"children":[{"name":"Atenuações","expanded":false,"children":[]},{"name":"Linha do tempo 1","expanded":true,"children":[]}]},{"name":"[Flowcharts]","expanded":true,"children":[]},{"name":"Sons","expanded":true,"children":[]},{"name":"Música","expanded":true,"children":[]},{"name":"Vídeos","expanded":true,"children":[]},{"name":"Fontes","expanded":true,"children":[]},{"name":"Ícones","expanded":false,"children":[{"name":"icon-128.png","expanded":true,"children":[]},{"name":"icon-16.png","expanded":true,"children":[]},{"name":"icon-256.png","expanded":true,"children":[]},{"name":"icon-32.png","expanded":true,"children":[]},{"name":"icon-512.png","expanded":true,"children":[]},{"name":"icon-64.png","expanded":true,"children":[]},{"name":"loading-logo.png","expanded":true,"children":[]}]},{"name":"Arquivos","expanded":true,"children":[]}]}]},"propertiesBarActiveObject":{"name":"Layout 1","type":"layout"}}